model_id,model_label,revision,step,tokens_seen,lang,n_layers,n_subjects,layer_0_pearson,layer_0_pearson_left,layer_0_pearson_right,layer_0_lat,layer_1_pearson,layer_1_pearson_left,layer_1_pearson_right,layer_1_lat,layer_2_pearson,layer_2_pearson_left,layer_2_pearson_right,layer_2_lat,layer_3_pearson,layer_3_pearson_left,layer_3_pearson_right,layer_3_lat,layer_4_pearson,layer_4_pearson_left,layer_4_pearson_right,layer_4_lat,layer_5_pearson,layer_5_pearson_left,layer_5_pearson_right,layer_5_lat,layer_6_pearson,layer_6_pearson_left,layer_6_pearson_right,layer_6_lat,layer_7_pearson,layer_7_pearson_left,layer_7_pearson_right,layer_7_lat,layer_8_pearson,layer_8_pearson_left,layer_8_pearson_right,layer_8_lat,layer_9_pearson,layer_9_pearson_left,layer_9_pearson_right,layer_9_lat,layer_10_pearson,layer_10_pearson_left,layer_10_pearson_right,layer_10_lat,layer_11_pearson,layer_11_pearson_left,layer_11_pearson_right,layer_11_lat,layer_12_pearson,layer_12_pearson_left,layer_12_pearson_right,layer_12_lat,layer_13_pearson,layer_13_pearson_left,layer_13_pearson_right,layer_13_lat,layer_14_pearson,layer_14_pearson_left,layer_14_pearson_right,layer_14_lat,layer_15_pearson,layer_15_pearson_left,layer_15_pearson_right,layer_15_lat,layer_16_pearson,layer_16_pearson_left,layer_16_pearson_right,layer_16_lat,layer_17_pearson,layer_17_pearson_left,layer_17_pearson_right,layer_17_lat,layer_18_pearson,layer_18_pearson_left,layer_18_pearson_right,layer_18_lat,layer_19_pearson,layer_19_pearson_left,layer_19_pearson_right,layer_19_lat,layer_20_pearson,layer_20_pearson_left,layer_20_pearson_right,layer_20_lat,layer_21_pearson,layer_21_pearson_left,layer_21_pearson_right,layer_21_lat,layer_22_pearson,layer_22_pearson_left,layer_22_pearson_right,layer_22_lat,layer_23_pearson,layer_23_pearson_left,layer_23_pearson_right,layer_23_lat,layer_24_pearson,layer_24_pearson_left,layer_24_pearson_right,layer_24_lat,best_layer,mean_pearson,mean_pearson_left,mean_pearson_right,lateralization_index,layer_0_alpha,layer_1_alpha,layer_2_alpha,layer_3_alpha,layer_4_alpha,layer_5_alpha,layer_6_alpha,layer_7_alpha,layer_8_alpha,layer_9_alpha,layer_10_alpha,layer_11_alpha,layer_12_alpha,layer_13_alpha,layer_14_alpha,layer_15_alpha,layer_16_alpha,layer_17_alpha,layer_18_alpha,layer_19_alpha,layer_20_alpha,layer_21_alpha,layer_22_alpha,layer_23_alpha,layer_24_alpha,model_dir,model_folder,layer_25_pearson,layer_25_pearson_left,layer_25_pearson_right,layer_25_lat,layer_26_pearson,layer_26_pearson_left,layer_26_pearson_right,layer_26_lat,layer_27_pearson,layer_27_pearson_left,layer_27_pearson_right,layer_27_lat,layer_28_pearson,layer_28_pearson_left,layer_28_pearson_right,layer_28_lat,layer_29_pearson,layer_29_pearson_left,layer_29_pearson_right,layer_29_lat,layer_30_pearson,layer_30_pearson_left,layer_30_pearson_right,layer_30_lat,layer_31_pearson,layer_31_pearson_left,layer_31_pearson_right,layer_31_lat,layer_32_pearson,layer_32_pearson_left,layer_32_pearson_right,layer_32_lat,layer_33_pearson,layer_33_pearson_left,layer_33_pearson_right,layer_33_lat,layer_34_pearson,layer_34_pearson_left,layer_34_pearson_right,layer_34_lat,layer_35_pearson,layer_35_pearson_left,layer_35_pearson_right,layer_35_lat,layer_36_pearson,layer_36_pearson_left,layer_36_pearson_right,layer_36_lat,layer_25_alpha,layer_26_alpha,layer_27_alpha,layer_28_alpha,layer_29_alpha,layer_30_alpha,layer_31_alpha,layer_32_alpha,layer_33_alpha,layer_34_alpha,layer_35_alpha,layer_36_alpha,n_params,n_params_b,log10_n_params
EleutherAI/pythia-1b-deduped,Pythia-1B-deduped,step143000,143000,299892736000,en,17,1,0.2628545602717588,0.2582674379509794,0.2674416825925382,-0.0091742446415588,0.301867133256638,0.2962092606823916,0.3075250058308844,-0.0113157451484927,0.3194440651762643,0.3153279339925466,0.3235601963599819,-0.0082322623674352,0.3479060774893781,0.3463839851618103,0.3494281698169458,-0.0030441846551355,0.3731631001555673,0.3724386684347369,0.3738875318763978,-0.0014488634416608,0.3848619028378253,0.3869079066647871,0.3828158990108635,0.0040920076539235,0.3857616208228014,0.3873652525488438,0.3841579890967588,0.0032072634520849,0.4034073918088861,0.4067287158068615,0.4000860678109106,0.0066426479959508,0.4078304951746469,0.412096076120251,0.4035649142290428,0.0085311618912082,0.4105742673033537,0.4150180543480893,0.4061304802586181,0.0088875740894712,0.4045062103827886,0.4089529814135825,0.4000594393519947,0.0088935420615878,0.404680418966297,0.4095533827273404,0.3998074552052536,0.0097459275220867,0.4001322418379073,0.4049581989029825,0.3953062847728322,0.0096519141301503,0.3919549855589135,0.3951425501670115,0.3887674209508154,0.006375129216196,0.3846668021200679,0.3878029004018298,0.3815307038383059,0.0062721965635238,0.3785988591700671,0.3815231422343418,0.3756745761057925,0.0058485661285493,0.3695581213152357,0.3711162672122288,0.3679999754182426,0.0031162917939862,,,,,,,,,,,,,,,,,,,,,,,,,,,,,,,,,9,0.4105742673033537,0.4150180543480893,0.4061304802586181,0.0088875740894712,40888.88111111111,32598.36777777777,43652.38555555555,24307.85444444444,24307.85444444444,21544.35,21544.35,24307.85444444444,29834.863333333327,29834.863333333327,27071.358888888888,24307.85444444444,21544.35,21544.35,20261.64444444444,23025.14888888889,23025.14888888889,,,,,,,,,EleutherAI_pythia-1b-deduped,EleutherAI_pythia-1b-deduped,,,,,,,,,,,,,,,,,,,,,,,,,,,,,,,,,,,,,,,,,,,,,,,,,,,,,,,,,,,,,1000000000.0,1.0,9.0
EleutherAI/pythia-1.4b-deduped,Pythia-1.4B-deduped,step143000,143000,299892736000,en,25,1,0.2658367827752705,0.2614204003072617,0.2702531652432793,-0.0088327649360175,0.3007405357914457,0.2901599212205365,0.311321150362355,-0.0211612291418185,0.3181538150015215,0.3102682480745339,0.3260393819285092,-0.0157711338539753,0.3387789753310939,0.3344572799986516,0.3431006706635363,-0.0086433906648847,0.3620784499790271,0.3608441689320634,0.3633127310259907,-0.0024685620939272,0.3713484094507511,0.371094572530674,0.3716022463708282,-0.0005076738401542,0.3850164163219818,0.3875407842992124,0.382492048344751,0.0050487359544614,0.3990878595906917,0.4032647007164754,0.3949110184649079,0.0083536822515675,0.4024570309470316,0.4070953486309265,0.3978187132631366,0.0092766353677898,0.4113675375477547,0.4167336226562102,0.4060014524392992,0.010732170216911,0.4177201247360362,0.4239311192166043,0.4115091302554681,0.0124219889611362,0.4210606686108594,0.4285910412465156,0.4135302959752032,0.0150607452713123,0.418496048810695,0.4252745012458341,0.411717596375556,0.0135569048702781,0.4175388667481197,0.4230872442523455,0.4119904892438938,0.0110967550084517,0.4190533610384595,0.424681975642727,0.4134247464341919,0.011257229208535,0.4152635658044555,0.420444682191221,0.4100824494176901,0.0103622327735308,0.4102226469320992,0.4145692724945796,0.4058760213696188,0.0086932511249607,0.4080704807529563,0.4130922671725366,0.4030486943333761,0.0100435728391605,0.4032229105882133,0.4079975886093014,0.3984482325671251,0.0095493560421763,0.3974785988451699,0.4006909396093433,0.3942662580809964,0.0064246815283468,0.3952504229442029,0.3979887832290194,0.3925120626593864,0.0054767205696329,0.3914368022604582,0.3939290272256012,0.388944577295315,0.0049844499302861,0.3859469051977368,0.388123973081827,0.3837698373136468,0.0043541357681802,0.3844505089965727,0.386034914618337,0.3828661033748083,0.0031688112435287,0.3823080154121795,0.38278780270924,0.381828228115119,0.0009595745941209,11,0.4210606686108594,0.4285910412465156,0.4135302959752032,0.0150607452713123,38125.37666666667,29834.863333333327,35361.87222222222,35361.87222222222,27071.358888888888,24307.85444444444,21544.35,24307.85444444444,27071.358888888888,21544.35,21544.35,21544.35,24307.854444444445,21544.35,21544.35,20261.64444444444,20261.64444444444,13848.116666666663,12565.411111111112,13848.116666666663,12565.411111111112,11282.705555555556,11282.705555555556,11282.705555555556,21544.35,EleutherAI_pythia-1.4b-deduped,EleutherAI_pythia-1.4b-deduped,,,,,,,,,,,,,,,,,,,,,,,,,,,,,,,,,,,,,,,,,,,,,,,,,,,,,,,,,,,,,1400000000.0,1.4,9.146128035678238
EleutherAI/pythia-2.8b-deduped,Pythia-2.8B-deduped,step143000,143000,299892736000,en,33,1,0.2590971359222961,0.2517879175701491,0.266406354274443,-0.0146184367042939,0.2941872130148483,0.2870313603232167,0.3013430657064798,-0.0143117053832631,0.3173963620437254,0.3130752610392056,0.3217174630482453,-0.0086422020090396,0.3337574143244291,0.3304893157011817,0.3370255129476766,-0.0065361972464949,0.3547665276573031,0.3538095740754205,0.3557234812391855,-0.001913907163765,0.3745228980103747,0.3772621494310189,0.3717836465897306,0.0054785028412882,0.385844574121952,0.3892722373971706,0.3824169108467333,0.0068553265504373,0.3910684126023737,0.3950637980602006,0.387073027144547,0.0079907709156535,0.4047326031521271,0.4086830979463808,0.4007821083578734,0.0079009895885074,0.4110875804536868,0.4158520606581643,0.4063231002492093,0.009528960408955,0.4211342101949432,0.4252050693165907,0.4170633510732955,0.0081417182432952,0.4242393300951989,0.4280752035752735,0.4204034566151243,0.0076717469601492,0.4256682493755884,0.429902133174503,0.4214343655766739,0.008467767597829,0.4272418414457616,0.4301674153608695,0.4243162675306536,0.0058511478302158,0.4235768465292628,0.4269219666894303,0.4202317263690955,0.0066902403203348,0.4196532317294005,0.4224352749768396,0.4168711884819614,0.0055640864948781,0.4182862329856532,0.4214060626349285,0.415166403336378,0.0062396592985504,0.4183641954885806,0.421147866940919,0.4155805240362422,0.0055673429046768,0.4137768028466506,0.4164533701140678,0.4111002355792333,0.0053531345348344,0.4125574058425594,0.4149651469028848,0.4101496647822338,0.0048154821206509,0.4102719181629351,0.4130093835990873,0.407534452726783,0.0054749308723043,0.4090538571218775,0.4121971349543982,0.4059105792893568,0.0062865556650413,0.4045527527876122,0.4074768567123162,0.4016286488629081,0.005848207849408,0.4013620096388645,0.4043445783813793,0.3983794408963497,0.0059651374850296,0.3991745201147993,0.4015824467080854,0.3967665935215133,0.004815853186572,13,0.4272418414457616,0.4301674153608695,0.4243162675306536,0.0058511478302158,55559.965555555566,43652.38555555555,43652.38555555555,43652.38555555555,43652.38555555555,38125.37666666667,35361.87222222222,32598.367777777778,29834.863333333327,21544.35,24307.854444444445,27071.358888888888,27071.358888888888,32598.367777777778,35361.87222222222,35361.87222222222,35361.87222222222,35361.87222222222,35361.87222222222,35361.87222222222,35361.87222222222,35361.87222222222,35361.87222222222,35361.87222222222,32598.367777777778,EleutherAI_pythia-2.8b-deduped,EleutherAI_pythia-2.8b-deduped,0.3973642431568291,0.3996547079562689,0.3950737783573894,0.0045809295988794,0.3951965068913665,0.3971322162888906,0.3932607974938422,0.0038714187950484,0.393847713492774,0.395479264783392,0.3922161622021558,0.0032631025812362,0.3922645242880307,0.3934343270846669,0.3910947214913945,0.0023396055932723,0.391813463113149,0.393108316876283,0.390518609350015,0.002589707526268,0.3905497936173549,0.3911946317486093,0.3899049554861005,0.0012896762625087,0.3859859761244952,0.3864950204247929,0.3854769318241977,0.0010180886005952,0.3813055700267845,0.3824162406033701,0.3801948994501989,0.0022213411531711,,,,,,,,,,,,,,,,,29834.863333333327,29834.863333333327,32598.367777777778,32598.367777777778,27071.358888888888,32598.367777777778,39606.17555555555,28552.15777777777,,,,,2800000000.0,2.8,9.44715803134222
EleutherAI/pythia-6.9b-deduped,Pythia-6.9B-deduped,step143000,143000,299892736000,en,33,1,0.2497489563405373,0.2475883907939858,0.2519095218870888,-0.0043211310931029,0.2962135656815614,0.2892720187076677,0.3031551126554551,-0.0138830939477874,0.3094603962292251,0.3034490771499753,0.3154717153084749,-0.0120226381584996,0.3250032805532233,0.3209620354015779,0.3290445257048688,-0.0080824903032909,0.3420896408727311,0.3398911124924769,0.3442881692529854,-0.0043970567605085,0.3701871844407828,0.3720638368084328,0.3683105320731327,0.0037533047353001,0.3891297423373587,0.3927458352877966,0.3855136493869209,0.0072321859008757,0.3974163512965488,0.4031973147208248,0.3916353878722727,0.011561926848552,0.4102542650418772,0.4154380442111594,0.4050704858725949,0.0103675583385644,0.412649699227792,0.4184244879085736,0.4068749105470104,0.0115495773615631,0.4207160669641643,0.4286520992069145,0.4127800347214139,0.0158720644855006,0.4250199442448888,0.4325907867235054,0.4174491017662722,0.0151416849572331,0.4267718076627937,0.4335233019593473,0.4200203133662401,0.0135029885931072,0.4350317272858035,0.4421904211005843,0.4278730334710227,0.0143173876295616,0.4352062723240525,0.4415042158364698,0.4289083288116353,0.0125958870248345,0.4330389821355453,0.4395749952752876,0.4265029689958031,0.0130720262794845,0.4331876076830783,0.4394367354171045,0.426938479949052,0.0124982554680524,0.4325256858800185,0.4391309154412373,0.4259204563187996,0.0132104591224376,0.4292198064830324,0.4351051499486835,0.4233344630173814,0.011770686931302,0.4282386831779002,0.4336535628993626,0.4228238034564379,0.0108297594429246,0.4239026424082805,0.4288401577947999,0.4189651270217611,0.0098750307730387,0.4204224606178857,0.4251705708304037,0.4156743504053677,0.009496220425036,0.4174127541971402,0.4217453063037977,0.4130802020904828,0.0086651042133148,0.4147332116064282,0.4190198844512375,0.4104465387616189,0.0085733456896185,0.4124420052022555,0.4158347050848145,0.4090493053196964,0.0067853997651181,14,0.4352062723240525,0.4415042158364698,0.4289083288116353,0.0125958870248345,43652.38555555555,46415.89,46415.89,46415.89,46415.89,46415.89,40888.88111111111,38125.37666666667,46415.89,46415.89,46415.89,46415.89,46415.89,46415.89,46415.89,46415.89,46415.89,46415.89,46415.89,43652.38555555555,46415.89,40888.88111111111,40888.88111111111,38125.37666666667,40888.88111111111,EleutherAI_pythia-6.9b-deduped,EleutherAI_pythia-6.9b-deduped,0.4102858519416859,0.4136987233683996,0.4068729805149723,0.0068257428534272,0.4076180108291127,0.410701500147726,0.4045345215104994,0.0061669786372266,0.4033419187189751,0.4053141191482989,0.4013697182896513,0.0039444008586476,0.401929888028963,0.4043941508727931,0.3994656251851328,0.0049285256876603,0.3996529631403507,0.401004814368006,0.3983011119126954,0.0027037024553105,0.3997999762706636,0.4009649003473751,0.3986350521939521,0.0023298481534229,0.3968918712339833,0.3983648498860086,0.3954188925819579,0.0029459573040507,0.3935708564602544,0.3947660769545533,0.3923756359659556,0.0023904409885976,,,,,,,,,,,,,,,,,32598.367777777778,27071.358888888888,38125.37666666667,32598.367777777778,38125.37666666667,29834.863333333327,32598.367777777778,24307.85444444444,,,,,6900000000.0,6.9,9.838849090737256
EleutherAI/pythia-12b-deduped,Pythia-12B-deduped,step0,0,0,en,37,1,0.168243972825071,0.16685526112935,0.1696326845207921,-0.0027774233914421,0.1897998675404375,0.1794880723983605,0.2001116626825145,-0.0206235902841539,0.1843037551363813,0.1711238555349694,0.1974836547377932,-0.0263597992028238,0.1833471194786011,0.1711500656464531,0.195544173310749,-0.0243941076642959,0.179923764859689,0.1674888527392901,0.1923586769800881,-0.0248698242407979,0.1782525826510267,0.1672449386970721,0.1892602266049813,-0.0220152879079091,0.1780592290199575,0.1669477775996421,0.189170680440273,-0.0222229028406308,0.1753820839526518,0.1631295797623901,0.1876345881429136,-0.0245050083805234,0.1781209996600095,0.1659191677219605,0.1903228315980585,-0.0244036638760979,0.1764736798035627,0.1640752287371231,0.1888721308700022,-0.024796902132879,0.1760077798382412,0.1637655407379977,0.1882500189384846,-0.0244844782004868,0.1752962119993502,0.1629506463205271,0.1876417776781734,-0.0246911313576462,0.1754814661301907,0.1625426989708189,0.1884202332895626,-0.0258775343187436,0.1754992378191961,0.161641823159794,0.1893566524785983,-0.0277148293188042,0.1759375204116339,0.1626289933350095,0.1892460474882583,-0.0266170541532488,0.1771870867572414,0.1642153633101913,0.1901588102042916,-0.0259434468941003,0.1761277216228598,0.1635053091193908,0.1887501341263288,-0.025244825006938,0.1765969525112606,0.1637723331630571,0.1894215718594641,-0.025649238696407,0.1742080509214597,0.1616493638060335,0.1867667380368857,-0.0251173742308521,0.1725824324841059,0.1602318970145375,0.1849329679536744,-0.0247010709391369,0.1733188641515763,0.1610469588330652,0.1855907694700874,-0.0245438106370221,0.1686295924106716,0.1563856407789847,0.1808735440423585,-0.0244879032633738,0.1669808127097891,0.1549208513721789,0.1790407740473993,-0.0241199226752203,0.1677851862907189,0.1555480892672565,0.1800222833141813,-0.0244741940469248,0.1673345382254699,0.1556971465549105,0.1789719298960292,-0.0232747833411187,1,0.1897998675404375,0.1794880723983605,0.2001116626825145,-0.0206235902841539,75328.91555555555,55559.965555555566,46842.67111111112,38125.37666666666,40888.88111111111,40888.88111111111,40888.88111111111,40888.88111111111,55559.965555555566,58323.47,55559.965555555566,55559.965555555566,55559.965555555566,49606.17555555556,49606.17555555556,43652.38555555555,42369.68,42369.68,48323.47,48323.47,40888.88111111111,32598.36777777777,29834.863333333327,29834.863333333327,28552.15777777777,EleutherAI_pythia-12b-deduped,EleutherAI_pythia-12b-deduped,0.1680416399437483,0.1557885013758581,0.1802947785116385,-0.0245062771357803,0.1677329776032268,0.1556515438435151,0.1798144113629385,-0.0241628675194233,0.1680272427978032,0.1559761973113672,0.1800782882842393,-0.024102090972872,0.1665954515245237,0.154387804798981,0.1788030982500665,-0.0244152934510855,0.1668484787137032,0.1546259174233644,0.1790710400040421,-0.0244451225806777,0.1670319724756558,0.154149225356379,0.1799147195949326,-0.0257654942385535,0.1668045118996692,0.1534489447800212,0.1801600790193172,-0.026711134239296,0.1658124050058448,0.1522577682700434,0.1793670417416462,-0.0271092734716027,0.1657356059305309,0.1521034450795847,0.1793677667814771,-0.0272643217018924,0.1647576970367991,0.1509657655566299,0.1785496285169682,-0.0275838629603382,0.1669991731422014,0.1533715456335385,0.1806268006508643,-0.0272552550173257,0.1667699877700342,0.1526403554242122,0.1808996201158564,-0.0282592646916442,29834.863333333327,29834.863333333327,27071.358888888888,27071.358888888888,29834.863333333327,27071.358888888888,27071.358888888888,27071.358888888888,27071.358888888888,27071.358888888888,27071.358888888888,27071.358888888888,12000000000.0,12.0,10.079181246047625
EleutherAI/pythia-12b-deduped,Pythia-12B-deduped,step128,128,268435456,en,37,1,0.1684964071091342,0.1670172891341504,0.1699755250841182,-0.0029582359499678,0.1908521244026876,0.1806712653159982,0.2010329834893769,-0.0203617181733787,0.1889815214760543,0.1765291266518899,0.2014339163002186,-0.0249047896483287,0.1937748499385761,0.1822931228044383,0.2052565770727139,-0.0229634542682756,0.1945309924918605,0.1832621672090902,0.2057998177746308,-0.0225376505655405,0.1932234712448278,0.1825189565776419,0.2039279859120137,-0.0214090293343718,0.195011945449783,0.1840167231744552,0.2060071677251107,-0.0219904445506554,0.1926946545209248,0.1807885993880969,0.2046007096537528,-0.0238121102656558,0.1926045723666019,0.1807920979235962,0.2044170468096076,-0.0236249488860114,0.1919038122103136,0.1805243994789269,0.2032832249417003,-0.0227588254627734,0.1933196150894792,0.1823413676005655,0.204297862578393,-0.0219564949778275,0.1924193784180635,0.1812702066150315,0.2035685502210955,-0.0222983436060639,0.1920638851305303,0.1808690874467508,0.2032586828143098,-0.022389595367559,0.1928119471782858,0.1817367011536396,0.2038871932029319,-0.0221504920492923,0.1950863816051452,0.1838801158525636,0.2062926473577268,-0.0224125315051631,0.1957205980844368,0.1848873474649204,0.2065538487039532,-0.0216665012390327,0.1955121453264321,0.1845775570063608,0.2064467336465035,-0.0218691766401427,0.1957604753831989,0.1847670353150933,0.2067539154513044,-0.021986880136211,0.1960654205321885,0.1852435574599679,0.2068872836044091,-0.0216437261444412,0.194864703196323,0.1840151904208034,0.2057142159718425,-0.0216990255510391,0.195569099337354,0.1848096997051435,0.2063284989695646,-0.0215187992644211,0.1961575500378821,0.1853349558194538,0.2069801442563104,-0.0216451884368566,0.1942500946661034,0.1834110874320554,0.2050891019001516,-0.0216780144680962,0.1945604813171924,0.1835723659667376,0.2055485966676473,-0.0219762307009097,0.1960365020621232,0.1850200948608482,0.2070529092633981,-0.0220328144025499,27,0.1986639345621287,0.187601427480533,0.2097264416437243,-0.0221250141631913,75328.91555555555,55559.965555555566,46842.67111111112,46842.67111111112,49606.17555555556,49606.17555555556,43652.38555555555,43652.38555555555,40888.88111111111,36842.67111111111,36842.67111111111,36842.67111111111,36842.67111111111,34079.16666666666,28552.15777777777,28552.15777777777,28552.15777777777,25788.65333333333,23025.14888888889,25788.65333333333,23025.14888888889,23025.14888888889,18581.65333333333,18581.65333333333,15818.148888888883,EleutherAI_pythia-12b-deduped,EleutherAI_pythia-12b-deduped,0.1974004527713839,0.1862373588776446,0.2085635466651232,-0.0223261877874786,0.1983776516096757,0.1873120044679695,0.2094432987513819,-0.0221312942834123,0.1986639345621287,0.187601427480533,0.2097264416437243,-0.0221250141631913,0.1965951095479874,0.1855318569713631,0.2076583621246117,-0.0221265051532485,0.1959896470330844,0.1846337264323041,0.2073455676338645,-0.0227118412015604,0.1958761081379376,0.1844295438151675,0.2073226724607078,-0.0228931286455403,0.1945988150189563,0.1829220677247585,0.2062755623131542,-0.0233534945883956,0.1950603934317728,0.1833412586649367,0.206779528198609,-0.0234382695336722,0.1949994399968519,0.1832948532926319,0.2067040267010718,-0.0234091734084398,0.1944850954155784,0.1827246971966989,0.2062454936344578,-0.0235207964377588,0.1938662294733776,0.1825304668331113,0.205201992113644,-0.0226715252805327,0.1926368560992046,0.1812989308615493,0.2039747813368599,-0.0226758504753105,14535.443333333333,10687.326666666668,10687.326666666668,10091.947777777776,9496.568888888887,9496.568888888887,8901.189999999999,8901.189999999999,8305.81111111111,5555.996666666667,4684.266666666666,4407.915555555555,12000000000.0,12.0,10.079181246047625
EleutherAI/pythia-12b-deduped,Pythia-12B-deduped,step512,512,1073741824,en,37,1,0.1730428361739412,0.171234219123061,0.1748514532248216,-0.0036172341017605,0.2119027664009977,0.2013529084819559,0.2224526243200395,-0.0210997158380835,0.2278424591929952,0.2175555343304432,0.2381293840555471,-0.0205738497251039,0.2493360493066725,0.236933697736756,0.2617384008765892,-0.0248047031398331,0.2494727468784872,0.2366815736729418,0.2622639200840326,-0.0255823464110908,0.2490112057176094,0.2369545679131452,0.2610678435220736,-0.0241132756089283,0.2467876471845293,0.2347302401645185,0.2588450542045402,-0.0241148140400216,0.245598583797252,0.232688215076675,0.2585089525178291,-0.025820737441154,0.2447790696756645,0.2319178430829345,0.2576402962683944,-0.0257224531854598,0.2446020911372116,0.2314358018613227,0.2577683804131006,-0.0263325785517778,0.2450841006220865,0.2317599324015537,0.2584082688426194,-0.0266483364410656,0.2449721227671197,0.2315774413070189,0.2583668042272206,-0.0267893629202016,0.2452508201219173,0.2317457691419225,0.2587558711019121,-0.0270101019599896,0.2443251848315134,0.2310180855522103,0.2576322841108164,-0.0266141985586061,0.2435658689982004,0.230608020919609,0.2565237170767918,-0.0259156961571827,0.2432787168315447,0.2304633410326576,0.2560940926304316,-0.0256307515977739,0.2424276298436657,0.2298416119949594,0.255013647692372,-0.0251720356974125,0.2406477368266577,0.228108302360341,0.2531871712929746,-0.0250788689326336,0.2402051624617553,0.2275143422008695,0.2528959827226411,-0.0253816405217714,0.2398086312362307,0.2270231365682872,0.2525941259041742,-0.0255709893358869,0.2416387201910962,0.2284760614905808,0.2548013788916116,-0.0263253174010307,0.239351267490582,0.2262507661482718,0.2524517688328923,-0.0262010026846205,0.2408573739560409,0.2275516974921405,0.2541630504199414,-0.0266113529278009,0.2405643350503835,0.2272063121471988,0.2539223579535683,-0.0267160458063694,0.2400393951572317,0.2266399811411701,0.2534388091732932,-0.026798828032123,4,0.2494727468784872,0.2366815736729418,0.2622639200840326,-0.0255823464110908,75328.91555555555,52796.46111111112,40888.88111111111,64277.26000000001,82138.63,82138.63,145354.4188888889,139400.6288888889,165054.7333333333,162291.2288888889,156337.4388888889,156337.4388888889,155054.7333333333,162291.2288888889,165054.7333333333,162291.22888888887,168245.01888888888,193899.12333333332,193899.12333333332,193899.12333333332,181072.0711111111,193899.12333333332,181072.0711111111,181072.0711111111,181072.0711111111,EleutherAI_pythia-12b-deduped,EleutherAI_pythia-12b-deduped,0.2422968634594063,0.2285575030196169,0.2560362238991957,-0.0274787208795788,0.2434293040135874,0.229904480923602,0.2569541271035728,-0.0270496461799708,0.243138601233265,0.2296270100717051,0.2566501923948248,-0.0270231823231196,0.242662862164447,0.2291105576528895,0.2562151666760046,-0.027104609023115,0.2439990997752598,0.2306090278247991,0.2573891717257204,-0.0267801439009213,0.2451970214040983,0.2315758656653777,0.2588181771428188,-0.027242311477441,0.245149425600578,0.2318905226818085,0.2584083285193475,-0.0265178058375389,0.2456697755138232,0.2325132704394902,0.2588262805881562,-0.0263130101486659,0.2455476064928574,0.2323407101986135,0.2587545027871012,-0.0264137925884876,0.2460698500826064,0.2330843899561075,0.2590553102091053,-0.0259709202529978,0.2467389859429937,0.2340656050493167,0.2594123668366707,-0.025346761787354,0.2443737659185374,0.2324682482489731,0.2562792835881017,-0.0238110353391285,162291.22888888887,136637.12444444443,136637.12444444443,136637.12444444443,110983.02,92202.17777777778,84965.68222222223,73058.10222222222,73058.10222222222,60231.05000000001,54277.26,84965.68222222223,12000000000.0,12.0,10.079181246047625
EleutherAI/pythia-12b-deduped,Pythia-12B-deduped,step1000,1000,2097152000,en,37,1,0.1823730341201664,0.179715163552136,0.1850309046881967,-0.0053157411360607,0.2470140419903057,0.2386726100782029,0.2553554739024086,-0.0166828638242056,0.2610288418765481,0.2544460677083583,0.2676116160447379,-0.0131655483363795,0.2760100407697916,0.2704129306038526,0.2816071509357307,-0.0111942203318781,0.2848861704423844,0.2794237453811707,0.2903485955035983,-0.0109248501224276,0.2852850745654414,0.2799248503881235,0.2906452987427593,-0.0107204483546357,0.2880770805512656,0.282890603080984,0.2932635580215472,-0.0103729549405631,0.2883102527140431,0.2828907068904955,0.2937297985375905,-0.0108390916470949,0.2890428607464986,0.2831611163083433,0.2949246051846539,-0.0117634888763106,0.2900573353492753,0.2835443101500667,0.296570360548484,-0.0130260503984173,0.2901887695390552,0.283225588341067,0.2971519507370435,-0.0139263623959765,0.2940524284732982,0.2871841042012415,0.3009207527453549,-0.0137366485441134,0.2942413111930622,0.2872922973479086,0.3011903250382157,-0.0138980276903071,0.2951707530350582,0.2879082835041764,0.3024332225659399,-0.0145249390617634,0.2949207234218347,0.286980479760024,0.3028609670836453,-0.0158804873236213,0.2963038082475469,0.2886296020286875,0.3039780144664064,-0.0153484124377188,0.296593520479413,0.288898142314323,0.304288898644503,-0.01539075633018,0.2971758215417108,0.2889763375914105,0.3053753054920111,-0.0163989679006005,0.298510929747078,0.2900558045725416,0.3069660549216146,-0.016910250349073,0.2994405396918944,0.2912854637442568,0.307595615639532,-0.0163101518952751,0.3014823770314392,0.2929655620884535,0.3099991919744248,-0.0170336298859712,0.3019637608913795,0.2934282962862368,0.3104992254965222,-0.0170709292102853,0.3032881338231596,0.2946196118699193,0.3119566557763998,-0.0173370439064805,0.3034226509061247,0.2945451431106031,0.3123001587016463,-0.0177550155910432,0.3041633471611937,0.2951217577355671,0.3132049365868203,-0.0180831788512532,26,0.3044529517597691,0.2955811289323915,0.3133247745871468,-0.0177436456547553,57467.54555555556,49606.17555555556,40888.88111111111,35361.87222222222,40888.88111111111,46842.67111111111,58750.25111111111,80294.59777777777,80294.59777777777,80294.59777777777,74340.80777777778,58750.25111111111,58750.25111111111,61513.75555555556,61513.75555555556,61513.75555555556,61513.75555555556,52796.46111111112,52796.46111111112,61513.75555555556,55559.96555555556,61513.75555555556,61513.75555555556,55559.96555555556,55559.96555555556,EleutherAI_pythia-12b-deduped,EleutherAI_pythia-12b-deduped,0.3041288035790694,0.2951436722802652,0.3131139348778737,-0.0179702625976084,0.3044529517597691,0.2955811289323915,0.3133247745871468,-0.0177436456547553,0.3041215186219638,0.2950431082350558,0.313199929008872,-0.0181568207738161,0.3036752623877866,0.2947863868672816,0.3125641379082917,-0.01777775104101,0.3039458215178978,0.295037098571421,0.3128545444643746,-0.0178174458929536,0.3037389291356094,0.29472360375015,0.3127542545210688,-0.0180306507709188,0.3038429126641898,0.2949287469609691,0.3127570783674105,-0.0178283314064414,0.3034261359938804,0.2943594625541245,0.3124928094336361,-0.0181333468795116,0.3038372026032931,0.2948764066459686,0.3127979985606176,-0.017921591914649,0.3035603229262383,0.2945608721011639,0.3125597737513128,-0.0179989016501488,0.3033145728323216,0.294326559446274,0.3123025862183691,-0.017976026772095,0.302453470231822,0.2931796794694045,0.3117272609942396,-0.0185475815248351,61513.75555555556,61513.75555555556,67467.54555555555,67467.54555555555,64704.04111111111,64704.04111111111,58750.25111111111,64704.04111111111,58750.25111111111,58750.25111111111,58750.25111111111,54277.26,12000000000.0,12.0,10.079181246047625
EleutherAI/pythia-12b-deduped,Pythia-12B-deduped,step2000,2000,4194304000,en,37,1,0.2023950595550312,0.1988983573319343,0.2058917617781282,-0.0069934044461939,0.2618974752461225,0.2546483803806759,0.2691465701115692,-0.0144981897308932,0.2831489476205067,0.2788880288986997,0.2874098663423137,-0.008521837443614,0.2965406234527791,0.2907454682103316,0.3023357786952266,-0.011590310484895,0.310218667946976,0.3042269651025266,0.3162103707914253,-0.0119834056888986,0.3232483823490653,0.3192550759722497,0.3272416887258809,-0.0079866127536311,0.3337493577188032,0.330553485454388,0.3369452299832183,-0.0063917445288302,0.3373143902025623,0.3344884846841603,0.3401402957209642,-0.0056518110368039,0.3408047888798505,0.3382063479083551,0.343403229851346,-0.0051968819429908,0.3404658675544202,0.3375371043297916,0.3433946307790487,-0.005857526449257,0.3417177733783564,0.3386801201523919,0.3447554266043208,-0.0060753064519288,0.347466588840931,0.3444012857309865,0.3505318919508756,-0.006130606219889,0.349763741076016,0.3471963794189721,0.35233110273306,-0.0051347233140879,0.3514332668201068,0.3491154947449877,0.3537510388952258,-0.004635544150238,0.352431379893582,0.3499112305132857,0.3549515292738784,-0.0050402987605926,0.3530872660761547,0.3504268320208317,0.3557477001314777,-0.0053208681106459,0.3517522018075414,0.3490261895103285,0.3544782141047544,-0.0054520245944258,0.352295475262985,0.3493167384172926,0.3552742121086772,-0.0059574736913846,0.3528772058758334,0.3497528242570484,0.3560015874946183,-0.0062487632375698,0.35232885605837,0.3491005863784646,0.3555571257382755,-0.0064565393598108,0.3538705325730483,0.3502557175153289,0.3574853476307676,-0.0072296301154387,0.3545832694549409,0.3509140463330673,0.3582524925768146,-0.0073384462437472,0.3542404746445196,0.3505965607101484,0.3578843885788908,-0.0072878278687423,0.3545218660861921,0.3506252639404517,0.3584184682319324,-0.0077932042914807,0.3534389656717879,0.3495811793336006,0.3572967520099752,-0.0077155726763745,21,0.3545832694549409,0.3509140463330673,0.3582524925768146,-0.0073384462437472,58750.25111111111,61513.75555555556,55559.965555555566,94046.21,106873.26222222224,88092.42,82138.63,88092.42,82138.63,94046.21,94046.21,94046.21,94046.21,94046.21,94046.21,94046.21,106873.26222222224,94046.21,94046.21,106873.26222222224,106873.26222222224,106873.26222222224,106873.26222222224,106873.26222222224,106873.26222222224,EleutherAI_pythia-12b-deduped,EleutherAI_pythia-12b-deduped,0.3529523473561131,0.3487941167071926,0.3571105780050337,-0.0083164612978411,0.3528855585514323,0.3484838694051174,0.3572872476977473,-0.0088033782926298,0.3511031632481629,0.3465066245338312,0.3556997019624947,-0.0091930774286634,0.350417667123832,0.3455840607115161,0.3552512735361478,-0.0096672128246317,0.3498117475770864,0.3449064334893088,0.3547170616648639,-0.009810628175555,0.3490648915793388,0.3438558089365823,0.3542739742220951,-0.0104181652855128,0.3484007884287646,0.3430943260867846,0.3537072507707445,-0.0106129246839599,0.3478289103314156,0.3424349614641884,0.353222859198643,-0.0107878977344546,0.3471180120171542,0.3415528382261084,0.3526831858081999,-0.0111303475820915,0.3471150837495045,0.3414573582334353,0.3527728092655736,-0.0113154510321382,0.3463950422842117,0.3406687364587764,0.352121348109647,-0.0114526116508706,0.3451657679869942,0.3395925260990992,0.3507390098748892,-0.01114648377579,119700.31444444443,119700.31444444443,119700.31444444443,106873.26222222224,106873.26222222224,106873.26222222224,106873.26222222224,106873.26222222224,106873.26222222224,94046.21,94046.21,100919.47222222222,12000000000.0,12.0,10.079181246047625
EleutherAI/pythia-12b-deduped,Pythia-12B-deduped,step4000,4000,8388608000,en,37,1,0.2135694861601283,0.2103235076294672,0.2168154646907895,-0.0064919570613223,0.2667630455295596,0.2578523009667549,0.2756737900923645,-0.0178214891256095,0.2906157816520489,0.28436592671158,0.2968656365925177,-0.0124997098809376,0.3115654295187517,0.3059019578078236,0.31722890122968,-0.0113269434218564,0.3268219606475426,0.3220968930044376,0.3315470282906476,-0.0094501352862099,0.3470885340083514,0.3443628725515194,0.3498141954651835,-0.005451322913664,0.3603556761868042,0.3585222083566819,0.3621891440169263,-0.0036669356602443,0.3654355636104392,0.3644746822721322,0.3663964449487463,-0.001921762676614,0.3718533822462314,0.371150671061091,0.3725560934313718,-0.0014054223702807,0.3736805498426089,0.37339337757584,0.3739677221093779,-0.0005743445335378,0.3739890298149299,0.373498521279735,0.3744795383501249,-0.0009810170703898,0.3801383392473757,0.3795057492508991,0.3807709292438524,-0.0012651799929533,0.3811972158831962,0.3804737608901422,0.3819206708762503,-0.0014469099861081,0.3846137648903265,0.3849116822489972,0.384315847531656,0.0005958347173412,0.3872245143414023,0.3875661082925505,0.3868829203902539,0.0006831879022966,0.3895119124893688,0.3895792538073584,0.389444571171379,0.0001346826359793,0.3900145425923478,0.38962249671738,0.3904065884673156,-0.0007840917499356,0.3899904114090355,0.3897474574873336,0.3902333653307372,-0.0004859078434036,0.3891724905550748,0.3889098868945402,0.3894350942156094,-0.0005252073210691,0.3897949123864248,0.3888957276810567,0.3906940970917929,-0.0017983694107361,0.3909451690774597,0.3901185492757621,0.3917717888791572,-0.001653239603395,0.3919667326493268,0.3911521273814892,0.3927813379171645,-0.0016292105356753,0.3893750848242235,0.3888131411102762,0.3899370285381708,-0.0011238874278945,0.3880810885711738,0.3874246552932862,0.3887375218490616,-0.0013128665557753,0.386433995691332,0.3857975695420354,0.3870704218406287,-0.0012728522985932,21,0.3919667326493268,0.3911521273814892,0.3927813379171645,-0.0016292105356753,64704.04111111111,67467.54555555555,64277.26000000001,82138.63,100000.0,82138.63,70231.05,58323.47,52369.68,52369.68,64277.26000000001,88092.42,94046.21,88092.42,88092.42,94046.21,94046.21,94046.21,88092.42,94046.21,94046.21,94046.21,91282.70555555556,91282.70555555556,91282.70555555556,EleutherAI_pythia-12b-deduped,EleutherAI_pythia-12b-deduped,0.3860244563547579,0.3855584414527093,0.3864904712568065,-0.0009320298040971,0.3856689088152559,0.3847144835211713,0.3866233341093404,-0.0019088505881691,0.3843091669374751,0.3832808137175716,0.3853375201573786,-0.002056706439807,0.3833064444961324,0.3818597058799506,0.3847531831123141,-0.0028934772323634,0.381152070429729,0.379463610108898,0.38284053075056,-0.003376920641662,0.380104694226288,0.378303798653267,0.381905589799309,-0.003601791146042,0.3793919971603756,0.3774376511432533,0.3813463431774979,-0.0039086920342445,0.3786329403801998,0.3765781580191654,0.3806877227412342,-0.0041095647220688,0.3760141429824301,0.3742179558155847,0.3778103301492754,-0.0035923743336907,0.3747762947239271,0.3727038654438649,0.3768487240039893,-0.0041448585601244,0.3737469745686494,0.3715929857272916,0.3759009634100073,-0.0043079776827156,0.3755850472196714,0.3743336467288107,0.3768364477105319,-0.0025028009817211,91282.70555555556,91282.70555555556,91282.70555555556,91282.70555555556,91282.70555555556,91282.70555555556,91282.70555555556,91282.70555555556,90000.0,90000.0,90000.0,84046.21,12000000000.0,12.0,10.079181246047625
EleutherAI/pythia-12b-deduped,Pythia-12B-deduped,step8000,8000,16777216000,en,37,1,0.2218322608074335,0.2201442242023671,0.2235202974124999,-0.0033760732101328,0.2700311862746547,0.261607499788702,0.2784548727606072,-0.0168473729719051,0.2925384645878133,0.2863473689523432,0.2987295602232834,-0.0123821912709402,0.3154484143605102,0.3102618832136306,0.3206349455073898,-0.0103730622937592,0.3323317830778287,0.32795639753016,0.3367071686254973,-0.0087507710953372,0.3557354442588652,0.3533550714625479,0.3581158170551826,-0.0047607455926346,0.3687980877840933,0.3669581635612493,0.3706380120069372,-0.0036798484456879,0.3731542125691112,0.3719847577219793,0.3743236674162429,-0.0023389096942635,0.3818959920190743,0.3821937314739599,0.3815982525641888,0.0005954789097711,0.3861455474019012,0.3873878630462747,0.3849032317575277,0.002484631288747,0.3872390716177898,0.3880384210856663,0.3864397221499134,0.0015986989357528,0.3907861621107135,0.3906940495113383,0.3908782747100887,-0.0001842251987503,0.3919644100315537,0.3922747473589401,0.3916540727041675,0.0006206746547725,0.395831783520337,0.396964665870498,0.3946989011701761,0.0022657647003219,0.3991775078357708,0.4007329824082591,0.3976220332632825,0.0031109491449766,0.4013384706103777,0.4025592417069353,0.40011769951382,0.0024415421931152,0.4021397503584136,0.4032013492216657,0.4010781514951617,0.0021231977265039,0.4021425746346866,0.4043792663801603,0.399905882889213,0.0044733834909472,0.4015802727083593,0.4037004591893869,0.3994600862273316,0.0042403729620552,0.4025565846009103,0.4048337267996977,0.4002794424021229,0.0045542843975748,0.4026528196711045,0.4052856573738823,0.4000199819683268,0.0052656754055555,0.4034382900230389,0.4064746834234785,0.4004018966225992,0.0060727868008792,0.4015705191531482,0.4044505890378422,0.398690449268454,0.0057601397693882,0.4005323811591162,0.4034344537332862,0.3976303085849463,0.0058041451483399,0.3984802202345395,0.4010931965686561,0.3958672439004229,0.0052259526682332,21,0.4034382900230389,0.4064746834234785,0.4004018966225992,0.0060727868008792,70657.83111111113,76184.84000000001,70231.05,94046.21,106873.26222222224,94046.21,100000.0,94046.21,88092.42,76184.84000000001,76184.84000000001,88092.42,88092.42,94046.21,94046.21,94046.21,82138.63,64277.26000000001,58323.47,58323.47,58323.47,58323.47,58323.47,58323.47,64277.26000000001,EleutherAI_pythia-12b-deduped,EleutherAI_pythia-12b-deduped,0.397330691163521,0.3995615065718761,0.3950998757551658,0.0044616308167102,0.3969045729955739,0.398993920217448,0.3948152257736998,0.0041786944437481,0.3946145137790666,0.3963134116458933,0.39291561591224,0.0033977957336532,0.3937798177112511,0.3953948719883274,0.3921647634341745,0.0032301085541528,0.3915669576310658,0.3928338002835818,0.3903001149785498,0.0025336853050319,0.3901515336575133,0.3908498800780744,0.3894531872369521,0.0013966928411222,0.389323147216302,0.3893983712968674,0.3892479231357366,0.0001504481611308,0.3879120191863995,0.3881342502212681,0.3876897881515309,0.0004444620697372,0.3866120574413455,0.3866987468245088,0.3865253680581821,0.0001733787663266,0.3852978639375041,0.385030103327348,0.3855656245476602,-0.0005355212203121,0.3842036027290309,0.3837887454983026,0.3846184599597592,-0.0008297144614565,0.3859924213326125,0.3861709378129391,0.3858139048522859,0.0003570329606532,58323.47,52369.68,64277.26000000001,58323.47,64277.26000000001,64277.26000000001,70231.05,67467.54555555555,67467.54555555555,67467.54555555555,61513.75555555556,55559.965555555566,12000000000.0,12.0,10.079181246047625
EleutherAI/pythia-12b-deduped,Pythia-12B-deduped,step16000,16000,33554432000,en,37,1,0.2288643291933157,0.2272917286942508,0.2304369296923806,-0.0031452009981297,0.2722276074748345,0.2635410345765025,0.2809141803731664,-0.0173731457966638,0.2971430597583544,0.2915545704651114,0.3027315490515974,-0.0111769785864859,0.3191800930043123,0.314124667144824,0.3242355188638006,-0.0101108517189765,0.3343165913674579,0.3307018718431222,0.3379313108917936,-0.0072294390486714,0.3589195104635451,0.3568450148458704,0.3609940060812199,-0.0041489912353495,0.3710029084828012,0.3698304011935066,0.3721754157720958,-0.0023450145785892,0.3807767768926406,0.3800543835114733,0.381499170273808,-0.0014447867623346,0.3906321287068723,0.3921727829246831,0.3890914744890615,0.0030813084356215,0.3995980614794114,0.402337169090813,0.3968589538680098,0.0054782152228031,0.3985303152142764,0.4011674037134703,0.3958932267150825,0.0052741769983877,0.4050378707589629,0.4081126847056425,0.4019630568122833,0.0061496278933592,0.4030551421780833,0.4064187448836566,0.3996915394725099,0.0067272054111467,0.4092941433294473,0.4140056952755537,0.4045825913833409,0.0094231038922127,0.4143370637352261,0.419767001023579,0.4089071264468732,0.0108598745767057,0.4185357738182016,0.4235664594109061,0.4135050882254971,0.010061371185409,0.4178159412633706,0.4229493544103873,0.4126825281163539,0.0102668262940334,0.4163142905714257,0.42143788707607,0.4111906940667815,0.0102471930092885,0.4172928269782339,0.4221136447448787,0.4124720092115891,0.0096416355332895,0.4169987048338582,0.4218307839890589,0.4121666256786576,0.0096641583104013,0.4162128066393746,0.4204649823482354,0.4119606309305139,0.0085043514177215,0.4151415479638867,0.4193108226068839,0.4109722733208896,0.0083385492859943,0.4118889421566765,0.4157601647742556,0.4080177195390974,0.0077424452351582,0.4106248637196903,0.4146522261448959,0.4065975012944847,0.0080547248504112,0.4091037756761195,0.4132676648851132,0.404939886467126,0.0083277784179872,15,0.4185357738182016,0.4235664594109061,0.4135050882254971,0.010061371185409,73421.33555555556,70231.05,82138.63,94046.21,119700.31444444443,94046.21,88092.42,82138.63,58323.47,46415.89,46415.89,52369.68,58323.47,58323.47,58323.47,64277.26000000001,61513.75555555556,61513.75555555556,49606.17555555556,49606.17555555556,61513.75555555556,61513.75555555556,67467.54555555555,61513.75555555556,61513.75555555556,EleutherAI_pythia-12b-deduped,EleutherAI_pythia-12b-deduped,0.4062725954147366,0.4097543931406895,0.4027907976887837,0.0069635954519058,0.4061101674182594,0.4099329517857905,0.4022873830507285,0.007645568735062,0.4038389794281039,0.407130416694539,0.4005475421616689,0.00658287453287,0.4033523346601196,0.4065835602911292,0.4001211090291099,0.0064624512620193,0.4016941631536024,0.4051773243498842,0.3982110019573207,0.0069663223925635,0.4003822824892048,0.4036407322560179,0.3971238327223917,0.0065168995336261,0.3988217440557829,0.4013193918870856,0.3963240962244803,0.0049952956626052,0.3980645466404292,0.4005465564930222,0.3955825367878363,0.0049640197051858,0.3962174704861144,0.3982971639000443,0.3941377770721845,0.0041593868278598,0.3945384015962581,0.3960994835827067,0.3929773196098095,0.0031221639728972,0.3936510121561155,0.3951327456662509,0.3921692786459801,0.0029634670202707,0.3944545077646661,0.3968809060642886,0.3920281094650436,0.004852796599245,73421.33555555556,67467.54555555555,79375.12555555555,73421.33555555556,61513.75555555556,55559.96555555556,61513.75555555556,61513.75555555556,73421.33555555556,67467.54555555555,61513.75555555556,55559.96555555556,12000000000.0,12.0,10.079181246047625
EleutherAI/pythia-12b-deduped,Pythia-12B-deduped,step32000,32000,67108864000,en,37,1,0.2377500834712816,0.2353285774390409,0.2401715895035222,-0.0048430120644813,0.2723024729227046,0.2625606774455562,0.2820442683998532,-0.0194835909542969,0.2996064467489321,0.2930340107491103,0.3061788827487538,-0.0131448719996434,0.3246976225580225,0.321351013332095,0.3280442317839499,-0.0066932184518548,0.3411129360330892,0.3387616828877066,0.3434641891784719,-0.0047025062907653,0.3650351491968099,0.3641841375400023,0.3658861608536174,-0.0017020233136151,0.3740854628576095,0.3738018780285735,0.3743690476866456,-0.0005671696580721,0.3860162182528693,0.3870132115041732,0.3850192250015653,0.0019939865026079,0.3946076056626636,0.397522969825794,0.3916922414995331,0.0058307283262609,0.4045105670157198,0.4084178890901464,0.4006032449412934,0.007814644148853,0.4057446355998526,0.410365159661594,0.4011241115381112,0.0092410481234828,0.4133776344687028,0.4174584729372615,0.4092967960001442,0.0081616769371173,0.4142513346848078,0.4188466611334768,0.4096560082361387,0.0091906528973381,0.4210327914222394,0.4254708194466311,0.4165947633978477,0.0088760560487833,0.424680026377958,0.4296963443792262,0.4196637083766896,0.0100326360025366,0.4304348011531115,0.4360751631004149,0.424794439205808,0.0112807238946069,0.42937775599217,0.4349277800015284,0.4238277319828116,0.0111000480187167,0.4297302738217985,0.4355122611481022,0.4239482864954949,0.0115639746526073,0.4269745686114647,0.4321311982633617,0.4218179389595676,0.0103132593037941,0.4261517714883147,0.4318456326598951,0.4204579103167341,0.0113877223431609,0.42618573759694,0.4317249100838757,0.4206465651100044,0.0110783449738712,0.4245379482998256,0.4302351063742026,0.4188407902254487,0.0113943161487538,0.421156681245798,0.4269479720042884,0.4153653904873075,0.0115825815169809,0.4203156328382181,0.4259058089935357,0.4147254566829004,0.0111803523106352,0.4175343303809755,0.4233760071449164,0.4116926536170347,0.0116833535278816,15,0.4304348011531115,0.4360751631004149,0.424794439205808,0.0112807238946069,82138.63,49606.17555555556,76184.84000000001,88092.42,106873.26222222224,94046.21,76184.84000000001,58323.47,58323.47,46415.89,46415.89,52369.68,52369.68,58323.47,52369.68,46415.89,46415.89,46415.89,46415.89,46415.89,46415.89,46415.89,43652.38555555555,46415.89,43652.38555555555,EleutherAI_pythia-12b-deduped,EleutherAI_pythia-12b-deduped,0.4153572991600682,0.420962796122859,0.4097518021972773,0.0112109939255816,0.4145307988007433,0.4203057531100581,0.4087558444914284,0.0115499086186297,0.4128327517019644,0.418365303525319,0.4073001998786097,0.0110651036467093,0.4109447403715785,0.4163668788358532,0.4055226019073037,0.0108442769285495,0.4080182176314834,0.4134348394210381,0.4026015958419287,0.0108332435791094,0.4057126677760984,0.4107622309324036,0.4006631046197932,0.0100991263126103,0.4041905503097647,0.4091682114025533,0.3992128892169762,0.009955322185577,0.4028716786728863,0.4078213871161995,0.3979219702295732,0.0098994168866262,0.4014982989788881,0.4062539368151958,0.3967426611425804,0.0095112756726154,0.4004451469919806,0.4050352034558618,0.3958550905280993,0.0091801129277624,0.4002736183161985,0.4047070559604676,0.3958401806719294,0.0088668752885381,0.3996503402135302,0.4047410104233176,0.3945596700037428,0.0101813404195748,43652.38555555555,43652.38555555555,43652.38555555555,43652.38555555555,43652.38555555555,43652.38555555555,43652.38555555555,43652.38555555555,43652.38555555555,43652.38555555555,43652.38555555555,40888.88111111111,12000000000.0,12.0,10.079181246047625
EleutherAI/pythia-12b-deduped,Pythia-12B-deduped,step64000,64000,134217728000,en,37,1,0.2445373822081914,0.242637560581951,0.2464372038344318,-0.0037996432524808,0.2852694364060698,0.2769637606711348,0.2935751121410048,-0.0166113514698699,0.3035153917704273,0.2975178571200151,0.3095129264208394,-0.0119950693008242,0.3268532256195151,0.3233809135453758,0.3303255376936544,-0.0069446241482786,0.3438163950360983,0.3420429979685539,0.3455897921036427,-0.0035467941350888,0.3684528805496501,0.3677344475842268,0.3691713135150736,-0.0014368659308467,0.3778621102055939,0.3776353572314077,0.3780888631797801,-0.0004535059483723,0.3890629939818308,0.3898475014909392,0.3882784864727227,0.0015690150182165,0.4021680896238954,0.4052613626295632,0.3990748166182275,0.0061865460113357,0.4086995620496387,0.4136489751627961,0.4037501489364813,0.0098988262263147,0.4122705098914614,0.4179447455966769,0.4065962741862458,0.0113484714104311,0.4193610529445593,0.4250620106018162,0.4136600952873024,0.0114019153145137,0.4223281021227201,0.4287891571484047,0.4158670470970353,0.0129221100513693,0.4286483496228498,0.4345480106225366,0.422748688623163,0.0117993219993735,0.4327999362177691,0.4394183611946207,0.4261815112409175,0.0132368499537032,0.4371881252161159,0.4437984458821679,0.4305778045500638,0.0132206413321041,0.4380318064076633,0.4443940699262332,0.4316695428890934,0.0127245270371397,0.4397413085251188,0.4460200379509808,0.4334625790992568,0.0125574588517239,0.4355788620554426,0.440820344767709,0.4303373793431763,0.0104829654245326,0.4327502029795596,0.4377565294548731,0.427743876504246,0.010012652950627,0.4317306573567189,0.4361155247800237,0.427345789933414,0.0087697348466096,0.4291645227104745,0.4338229348719457,0.4245061105490033,0.0093168243229424,0.4262409762763582,0.4305701858826909,0.4219117666700255,0.0086584192126654,0.4236407119086344,0.4278436611600238,0.4194377626572451,0.0084058985027787,0.4214055916464747,0.4256247844799883,0.4171863988129611,0.0084383856670272,17,0.4397413085251188,0.4460200379509808,0.4334625790992568,0.0125574588517239,52369.68,58323.47,64277.26000000001,94046.21,94046.21,94046.21,88092.42,55559.96555555556,46415.89,46415.89,46415.89,46415.89,46415.89,46415.89,46415.89,46415.89,46415.89,46415.89,46415.89,46415.89,46415.89,46415.89,46415.89,46415.89,46415.89,EleutherAI_pythia-12b-deduped,EleutherAI_pythia-12b-deduped,0.4190182463648517,0.4233448157104292,0.4146916770192742,0.008653138691155,0.4167944635023035,0.4208521630616386,0.4127367639429684,0.0081153991186702,0.414137328369589,0.4176364960746652,0.4106381606645127,0.0069983354101525,0.4115152432281507,0.4150841553642376,0.4079463310920637,0.0071378242721738,0.4101772851187128,0.4134083680450756,0.4069462021923501,0.0064621658527255,0.4076808441157741,0.4107212712030448,0.4046404170285034,0.0060808541745414,0.4066623970652142,0.4097272263741242,0.4035975677563042,0.00612965861782,0.4053807644167023,0.4088420501876044,0.4019194786458002,0.0069225715418041,0.4040409784721122,0.4072644980077745,0.40081745893645,0.0064470390713245,0.4025702936685887,0.4055893265441889,0.3995512607929885,0.0060380657512004,0.401454949852268,0.404320885216985,0.3985890144875511,0.0057318707294338,0.3995949013518204,0.4028337304375636,0.3963560722660774,0.0064776581714861,46415.89,46415.89,46415.89,43652.38555555555,46415.89,46415.89,46415.89,43652.38555555555,43652.38555555555,43652.38555555555,43652.38555555555,43652.38555555555,12000000000.0,12.0,10.079181246047625
EleutherAI/pythia-12b-deduped,Pythia-12B-deduped,step128000,128000,268435456000,en,37,1,0.2464770639341565,0.2435902222135843,0.2493639056547287,-0.0057736834411444,0.2850327793281715,0.2764347712842435,0.2936307873720996,-0.017196016087856,0.3047889034764465,0.2989588645249592,0.3106189424279339,-0.0116600779029746,0.3290444856413631,0.3258636401243694,0.3322253311583568,-0.0063616910339874,0.3477088930897511,0.346408707086714,0.3490090790927882,-0.0026003720060742,0.3715814177640154,0.3709614420053965,0.3722013935226342,-0.0012399515172377,0.3839752401071705,0.3845996526751809,0.3833508275391601,0.0012488251360207,0.3979509969281303,0.3997895130225702,0.3961124808336904,0.0036770321888798,0.4077262917298911,0.4115142246275974,0.4039383588321847,0.0075758657954127,0.415433318997076,0.421064891404239,0.409801746589913,0.0112631448143259,0.4181908074783109,0.4249675210210308,0.411414093935591,0.0135534270854398,0.4249800305894641,0.4316548678660481,0.41830519331288,0.0133496745531681,0.42924531556077,0.4365634937607003,0.4219271373608398,0.0146363563998605,0.434047335795497,0.4407336191551831,0.427361052435811,0.0133725667193721,0.4379257324608084,0.4457448604760547,0.4301066044455622,0.0156382560304925,0.4413304720097305,0.4491213385113138,0.4335396055081472,0.0155817330031666,0.4410174252487424,0.4489636185056804,0.4330712319918045,0.0158923865138759,0.4409759478456295,0.4491703968796632,0.4327814988115956,0.0163888980680675,0.4374213073330962,0.4451116794493852,0.4297309352168074,0.0153807442325778,0.4351622613913402,0.4424492860853734,0.4278752366973071,0.0145740493880663,0.4340427074301224,0.4408285803260085,0.4272568345342364,0.013571745791772,0.4305326705423133,0.4376345339123156,0.4234308071723112,0.0142037267400044,0.4260964421378428,0.4331486017504909,0.4190442825251949,0.014104319225296,0.4237250453442663,0.4299886226551241,0.4174614680334085,0.0125271546217155,0.4215784530314014,0.4277854170704586,0.4153714889923442,0.0124139280781144,15,0.4413304720097305,0.4491213385113138,0.4335396055081472,0.0155817330031666,46415.89,58323.47,70231.05,88092.42,94046.21,94046.21,64277.26000000001,46415.89,46415.89,46415.89,46415.89,46415.89,46415.89,46415.89,46415.89,46415.89,46415.89,46415.89,46415.89,46415.89,46415.89,46415.89,46415.89,46415.89,46415.89,EleutherAI_pythia-12b-deduped,EleutherAI_pythia-12b-deduped,0.4194159156695409,0.4254707121494669,0.4133611191896147,0.0121095929598522,0.4172476020733553,0.4229828105429179,0.4115123936037927,0.0114704169391252,0.4133650709524695,0.418371839924,0.4083583019809391,0.0100135379430608,0.4106451931300862,0.4152979484482193,0.4059924378119531,0.0093055106362661,0.4067058531004892,0.4107776998328085,0.4026340063681699,0.0081436934646385,0.4035331146969707,0.4071554103307699,0.3999108190631715,0.0072445912675984,0.4018510627700996,0.4049991790517746,0.3987029464884246,0.00629623256335,0.3998884783678627,0.4027730403299421,0.3970039164057832,0.0057691239241589,0.3965786009641514,0.399374254584317,0.3937829473439859,0.005591307240331,0.3951287099540527,0.3976282066579809,0.3926292132501243,0.0049989934078565,0.3931137452201553,0.3953833337651825,0.3908441566751282,0.0045391770900543,0.3910416826657813,0.3937621419357608,0.3883212233958017,0.0054409185399591,46415.89,46415.89,46415.89,46415.89,46415.89,46415.89,46415.89,46415.89,43652.38555555555,43652.38555555555,49606.17555555556,43652.38555555555,12000000000.0,12.0,10.079181246047625
EleutherAI/pythia-12b-deduped,Pythia-12B-deduped,step143000,143000,299892736000,en,37,1,0.2470173541934993,0.2441565440774696,0.2498781643095291,-0.0057216202320595,0.2863673347796029,0.2777581188043734,0.2949765507548325,-0.017218431950459,0.3040442228205953,0.2981512967178689,0.3099371489233217,-0.0117858522054528,0.3295323422848136,0.3264714052452632,0.3325932793243642,-0.006121874079101,0.3491161321397612,0.3476911911121774,0.350541073167345,-0.0028498820551676,0.3733755492833001,0.3726107184840924,0.3741403800825077,-0.0015296615984152,0.3858327628749878,0.3863419663760011,0.3853235593739746,0.0010184070020264,0.3968758271883995,0.3982411264730784,0.3955105279037206,0.0027305985693577,0.4068724461752497,0.4100565224689192,0.4036883698815802,0.006368152587339,0.4153649006311859,0.4204841032535363,0.4102456980088354,0.0102384052447009,0.4180527468207888,0.4241259979614932,0.4119794956800845,0.0121465022814087,0.423864586694352,0.4303341787386516,0.4173949946500526,0.012939184088599,0.4275468635545219,0.4344770937538261,0.4206166333552178,0.0138604603986083,0.4319044571287855,0.4381447692369619,0.4256641450206093,0.0124806242163525,0.4371835347221993,0.4448127951034093,0.4295542743409893,0.0152585207624199,0.4395535383287112,0.446783141744745,0.4323239349126775,0.0144592068320674,0.4401039587636403,0.4477505596804128,0.4324573578468679,0.0152932018335449,0.4396869732472548,0.4475913224715181,0.4317826240229916,0.0158086984485264,0.4368023220087656,0.4441497649450652,0.4294548790724662,0.0146948858725989,0.4340681697349125,0.4408010439193691,0.4273352955504559,0.0134657483689131,0.4329675358617695,0.4393412467168747,0.4265938250066642,0.0127474217102105,0.4299103602811202,0.4365269360355416,0.4232937845266987,0.0132331515088429,0.425730453375643,0.4323001456226563,0.4191607611286297,0.0131393844940265,0.4229743666164882,0.428454352322728,0.4174943809102483,0.0109599714124797,0.4212313282500879,0.4266630275748129,0.415799628925363,0.0108633986494498,16,0.4401039587636403,0.4477505596804128,0.4324573578468679,0.0152932018335449,46415.89,58323.47,58323.47,88092.42,94046.21,88092.42,58323.47,52369.68,46415.89,46415.89,46415.89,46415.89,46415.89,52369.68,46415.89,52369.68,46415.89,46415.89,46415.89,46415.89,46415.89,46415.89,46415.89,46415.89,46415.89,EleutherAI_pythia-12b-deduped,EleutherAI_pythia-12b-deduped,0.4192547130225788,0.4245691677008807,0.4139402583442769,0.0106289093566038,0.4168972539149871,0.421724900756492,0.4120696070734824,0.0096552936830096,0.4132358768606974,0.4174301751634215,0.4090415785579732,0.0083885966054483,0.41054050191115,0.4143651004556918,0.4067159033666081,0.0076491970890837,0.4069747669406227,0.4103116455962972,0.4036378882849483,0.0066737573113488,0.4038671876857542,0.4070160748301893,0.4007183005413192,0.0062977742888701,0.4028341997761757,0.4055805560756514,0.4000878434766999,0.0054927125989515,0.4008110587393061,0.4034022283748358,0.3982198891037765,0.0051823392710593,0.398458337256537,0.400804264789813,0.3961124097232609,0.0046918550665521,0.3962206150898242,0.3984970214463901,0.3939442087332582,0.0045528127131319,0.3945608171206741,0.3967216958620114,0.3923999383793367,0.0043217574826747,0.3911453497042377,0.3935813733358719,0.3887093260726035,0.0048720472632684,46415.89,46415.89,46415.89,46415.89,46415.89,46415.89,46415.89,46415.89,46415.89,43652.38555555555,43652.38555555555,43652.38555555555,12000000000.0,12.0,10.079181246047625
