model_id,model_label,revision,step,tokens_seen,lang,subject,layer,best_alpha,parcel,n_voxels_left,n_voxels_right,mean_pearson_left,mean_pearson_right,lateralization_index,lateralization_pvalue,mean_pearson,model_dir,n_params,n_params_b,log10_n_params,encoding,best_step,best_layer
EleutherAI/pythia-1.4b-deduped,Pythia-1.4B-deduped,step143000,143000,299892736000,en,average_en_precomputed,11,21544.35,Frontal Pole,362,372,0.4206190559697857,0.3862203247218984,0.0343987312478872,3.2181731941883233e-16,0.4031853665634996,EleutherAI_pythia-1.4b-deduped,1400000000.0,1.4,9.146128035678238,0.403419690345842,143000,11
EleutherAI/pythia-1.4b-deduped,Pythia-1.4B-deduped,step143000,143000,299892736000,en,average_en_precomputed,11,21544.35,Insular Cortex,43,50,0.3556346716069108,0.3631007189555404,-0.0074660473486296,0.3430096277142258,0.3596486755577869,EleutherAI_pythia-1.4b-deduped,1400000000.0,1.4,9.146128035678238,0.3593676952812256,143000,11
EleutherAI/pythia-1.4b-deduped,Pythia-1.4B-deduped,step143000,143000,299892736000,en,average_en_precomputed,11,21544.35,Superior Frontal Gyrus,291,216,0.4594492355151172,0.4223383905859851,0.037110844929132,1.500904220332397e-12,0.4436386980305165,EleutherAI_pythia-1.4b-deduped,1400000000.0,1.4,9.146128035678238,0.44089381305055114,143000,11
EleutherAI/pythia-1.4b-deduped,Pythia-1.4B-deduped,step143000,143000,299892736000,en,average_en_precomputed,11,21544.35,Middle Frontal Gyrus,290,263,0.4374217172575413,0.3980288945977198,0.0393928226598215,1.8156644607163374e-14,0.4186869751969028,EleutherAI_pythia-1.4b-deduped,1400000000.0,1.4,9.146128035678238,0.4177253059276306,143000,11
EleutherAI/pythia-1.4b-deduped,Pythia-1.4B-deduped,step143000,143000,299892736000,en,average_en_precomputed,11,21544.35,"Inferior Frontal Gyrus, pars triangularis",110,79,0.4856534041000683,0.46054391104697,0.0251094930530982,0.0033943775886174,0.4751579017127945,EleutherAI_pythia-1.4b-deduped,1400000000.0,1.4,9.146128035678238,0.47309865757351915,143000,11
EleutherAI/pythia-1.4b-deduped,Pythia-1.4B-deduped,step143000,143000,299892736000,en,average_en_precomputed,11,21544.35,"Inferior Frontal Gyrus, pars opercularis",91,79,0.4562957245576318,0.4192677622894656,0.0370279622681661,3.409780491011294e-08,0.4390886126800722,EleutherAI_pythia-1.4b-deduped,1400000000.0,1.4,9.146128035678238,0.4377817434235487,143000,11
EleutherAI/pythia-1.4b-deduped,Pythia-1.4B-deduped,step143000,143000,299892736000,en,average_en_precomputed,11,21544.35,Precentral Gyrus,36,41,0.4376042360249241,0.4490633982580196,-0.0114591622330955,0.4155829245674335,0.4437058678633257,EleutherAI_pythia-1.4b-deduped,1400000000.0,1.4,9.146128035678238,0.44333381714147185,143000,11
EleutherAI/pythia-1.4b-deduped,Pythia-1.4B-deduped,step143000,143000,299892736000,en,average_en_precomputed,11,21544.35,Temporal Pole,103,94,0.4244771573600371,0.4444934302215032,-0.0200162728614661,0.0126304341262925,0.4340280692837823,EleutherAI_pythia-1.4b-deduped,1400000000.0,1.4,9.146128035678238,0.43448529379077017,143000,11
EleutherAI/pythia-1.4b-deduped,Pythia-1.4B-deduped,step143000,143000,299892736000,en,average_en_precomputed,11,21544.35,"Superior Temporal Gyrus, anterior division",45,38,0.3898847539557691,0.3910750840279129,-0.0011903300721438,0.896380027842122,0.3904297243502445,EleutherAI_pythia-1.4b-deduped,1400000000.0,1.4,9.146128035678238,0.390479918991841,143000,11
EleutherAI/pythia-1.4b-deduped,Pythia-1.4B-deduped,step143000,143000,299892736000,en,average_en_precomputed,11,21544.35,"Superior Temporal Gyrus, posterior division",105,105,0.4266959851289004,0.4418393790278972,-0.0151433938989968,0.0386836805997087,0.4342676820783989,EleutherAI_pythia-1.4b-deduped,1400000000.0,1.4,9.146128035678238,0.43426768207839883,143000,11
EleutherAI/pythia-1.4b-deduped,Pythia-1.4B-deduped,step143000,143000,299892736000,en,average_en_precomputed,11,21544.35,"Middle Temporal Gyrus, anterior division",45,32,0.4239093730912886,0.411595659711449,0.0123137133798396,0.1956910721413747,0.4187919857126539,EleutherAI_pythia-1.4b-deduped,1400000000.0,1.4,9.146128035678238,0.4177525164013688,143000,11
EleutherAI/pythia-1.4b-deduped,Pythia-1.4B-deduped,step143000,143000,299892736000,en,average_en_precomputed,11,21544.35,"Middle Temporal Gyrus, posterior division",62,69,0.4447025753499226,0.4576322609657874,-0.0129296856158648,0.1883458128870633,0.4515128677735461,EleutherAI_pythia-1.4b-deduped,1400000000.0,1.4,9.146128035678238,0.451167418157855,143000,11
EleutherAI/pythia-1.4b-deduped,Pythia-1.4B-deduped,step143000,143000,299892736000,en,average_en_precomputed,11,21544.35,"Middle Temporal Gyrus, temporooccipital part",82,95,0.4760086618736262,0.4615674582639266,0.0144412036096995,0.0908311792752773,0.4682577333825445,EleutherAI_pythia-1.4b-deduped,1400000000.0,1.4,9.146128035678238,0.4687880600687764,143000,11
EleutherAI/pythia-1.4b-deduped,Pythia-1.4B-deduped,step143000,143000,299892736000,en,average_en_precomputed,11,21544.35,"Inferior Temporal Gyrus, anterior division",10,14,0.4366437194046109,0.4718902761221802,-0.0352465567175693,0.0381143651085294,0.457204210823193,EleutherAI_pythia-1.4b-deduped,1400000000.0,1.4,9.146128035678238,0.4542669977633955,143000,11
EleutherAI/pythia-1.4b-deduped,Pythia-1.4B-deduped,step143000,143000,299892736000,en,average_en_precomputed,11,21544.35,"Inferior Temporal Gyrus, posterior division",3,0,0.4830221811311677,,,,,EleutherAI_pythia-1.4b-deduped,1400000000.0,1.4,9.146128035678238,0.4830221811311677,143000,11
EleutherAI/pythia-1.4b-deduped,Pythia-1.4B-deduped,step143000,143000,299892736000,en,average_en_precomputed,11,21544.35,"Inferior Temporal Gyrus, temporooccipital part",45,6,0.4785921350064309,0.4035432991410406,0.0750488358653903,0.0080285879471813,0.469762860198738,EleutherAI_pythia-1.4b-deduped,1400000000.0,1.4,9.146128035678238,0.4410677170737357,143000,11
EleutherAI/pythia-1.4b-deduped,Pythia-1.4B-deduped,step143000,143000,299892736000,en,average_en_precomputed,11,21544.35,Postcentral Gyrus,9,0,0.3816431716733008,,,,,EleutherAI_pythia-1.4b-deduped,1400000000.0,1.4,9.146128035678238,0.3816431716733008,143000,11
EleutherAI/pythia-1.4b-deduped,Pythia-1.4B-deduped,step143000,143000,299892736000,en,average_en_precomputed,11,21544.35,Superior Parietal Lobule,33,10,0.4169542782260905,0.3727208991963556,0.0442333790297348,0.0062877132063421,0.4066674458935939,EleutherAI_pythia-1.4b-deduped,1400000000.0,1.4,9.146128035678238,0.39483758871122304,143000,11
EleutherAI/pythia-1.4b-deduped,Pythia-1.4B-deduped,step143000,143000,299892736000,en,average_en_precomputed,11,21544.35,"Supramarginal Gyrus, anterior division",44,9,0.4223646278564728,0.3522002272662263,0.0701644005902464,7.628227546788717e-07,0.4104499183222799,EleutherAI_pythia-1.4b-deduped,1400000000.0,1.4,9.146128035678238,0.38728242756134956,143000,11
EleutherAI/pythia-1.4b-deduped,Pythia-1.4B-deduped,step143000,143000,299892736000,en,average_en_precomputed,11,21544.35,"Supramarginal Gyrus, posterior division",155,145,0.4302835484418776,0.4820969798504691,-0.0518134314085915,1.7940222085839553e-12,0.4553267069560302,EleutherAI_pythia-1.4b-deduped,1400000000.0,1.4,9.146128035678238,0.45619026414617336,143000,11
EleutherAI/pythia-1.4b-deduped,Pythia-1.4B-deduped,step143000,143000,299892736000,en,average_en_precomputed,11,21544.35,Angular Gyrus,140,189,0.4381341582084147,0.428611434566822,0.0095227236415927,0.1069898770191926,0.4326636573930316,EleutherAI_pythia-1.4b-deduped,1400000000.0,1.4,9.146128035678238,0.4333727963876184,143000,11
EleutherAI/pythia-1.4b-deduped,Pythia-1.4B-deduped,step143000,143000,299892736000,en,average_en_precomputed,11,21544.35,"Lateral Occipital Cortex, superior division",212,191,0.4668881460259798,0.4377017643266904,0.0291863816992893,9.729763714563894e-06,0.4530553944017508,EleutherAI_pythia-1.4b-deduped,1400000000.0,1.4,9.146128035678238,0.4522949551763351,143000,11
EleutherAI/pythia-1.4b-deduped,Pythia-1.4B-deduped,step143000,143000,299892736000,en,average_en_precomputed,11,21544.35,"Lateral Occipital Cortex, inferior division",17,11,0.3899062772425143,0.3728768178338921,0.0170294594086222,0.2115435929252931,0.3832161324748412,EleutherAI_pythia-1.4b-deduped,1400000000.0,1.4,9.146128035678238,0.3813915475382032,143000,11
EleutherAI/pythia-1.4b-deduped,Pythia-1.4B-deduped,step143000,143000,299892736000,en,average_en_precomputed,11,21544.35,Intracalcarine Cortex,0,0,,,,,,EleutherAI_pythia-1.4b-deduped,1400000000.0,1.4,9.146128035678238,,143000,11
EleutherAI/pythia-1.4b-deduped,Pythia-1.4B-deduped,step143000,143000,299892736000,en,average_en_precomputed,11,21544.35,Frontal Medial Cortex,13,23,0.3390933018830359,0.391972387856989,-0.052879085973953,7.960622777817025e-06,0.3728771623663948,EleutherAI_pythia-1.4b-deduped,1400000000.0,1.4,9.146128035678238,0.3655328448700125,143000,11
EleutherAI/pythia-1.4b-deduped,Pythia-1.4B-deduped,step143000,143000,299892736000,en,average_en_precomputed,11,21544.35,Juxtapositional Lobule Cortex ),7,5,0.4329462937738547,0.4500367226355055,-0.0170904288616508,0.1990983767738053,0.4400673057995425,EleutherAI_pythia-1.4b-deduped,1400000000.0,1.4,9.146128035678238,0.4414915082046801,143000,11
EleutherAI/pythia-1.4b-deduped,Pythia-1.4B-deduped,step143000,143000,299892736000,en,average_en_precomputed,11,21544.35,Subcallosal Cortex,0,0,,,,,,EleutherAI_pythia-1.4b-deduped,1400000000.0,1.4,9.146128035678238,,143000,11
EleutherAI/pythia-1.4b-deduped,Pythia-1.4B-deduped,step143000,143000,299892736000,en,average_en_precomputed,11,21544.35,Paracingulate Gyrus,61,90,0.3540185942814557,0.3657676291798564,-0.0117490348984006,0.1363221563789084,0.361021330313615,EleutherAI_pythia-1.4b-deduped,1400000000.0,1.4,9.146128035678238,0.3598931117306561,143000,11
EleutherAI/pythia-1.4b-deduped,Pythia-1.4B-deduped,step143000,143000,299892736000,en,average_en_precomputed,11,21544.35,"Cingulate Gyrus, anterior division",41,44,0.3369490266458897,0.3855240917507896,-0.0485750651048998,5.9275316597037855e-06,0.3620937662296026,EleutherAI_pythia-1.4b-deduped,1400000000.0,1.4,9.146128035678238,0.36123655919833964,143000,11
EleutherAI/pythia-1.4b-deduped,Pythia-1.4B-deduped,step143000,143000,299892736000,en,average_en_precomputed,11,21544.35,"Cingulate Gyrus, posterior division",174,132,0.4335363763015287,0.4490293252076205,-0.0154929489060918,0.0011628443750949,0.4402196091629801,EleutherAI_pythia-1.4b-deduped,1400000000.0,1.4,9.146128035678238,0.44128285075457463,143000,11
EleutherAI/pythia-1.4b-deduped,Pythia-1.4B-deduped,step143000,143000,299892736000,en,average_en_precomputed,11,21544.35,Precuneous Cortex,327,253,0.4143619525392772,0.420005959013371,-0.0056440064740937,0.249264961923666,0.4168239070874595,EleutherAI_pythia-1.4b-deduped,1400000000.0,1.4,9.146128035678238,0.4171839557763241,143000,11
EleutherAI/pythia-1.4b-deduped,Pythia-1.4B-deduped,step143000,143000,299892736000,en,average_en_precomputed,11,21544.35,Cuneal Cortex,3,3,0.2854800369350835,0.3030257803812199,-0.0175457434461363,0.0760232269743675,0.2942529086581517,EleutherAI_pythia-1.4b-deduped,1400000000.0,1.4,9.146128035678238,0.2942529086581517,143000,11
EleutherAI/pythia-1.4b-deduped,Pythia-1.4B-deduped,step143000,143000,299892736000,en,average_en_precomputed,11,21544.35,Frontal Orbital Cortex,91,40,0.4328068411150625,0.4284718442964459,0.0043349968186165,0.6686610020212126,0.4314831779643399,EleutherAI_pythia-1.4b-deduped,1400000000.0,1.4,9.146128035678238,0.4306393427057542,143000,11
EleutherAI/pythia-1.4b-deduped,Pythia-1.4B-deduped,step143000,143000,299892736000,en,average_en_precomputed,11,21544.35,"Parahippocampal Gyrus, anterior division",0,0,,,,,,EleutherAI_pythia-1.4b-deduped,1400000000.0,1.4,9.146128035678238,,143000,11
EleutherAI/pythia-1.4b-deduped,Pythia-1.4B-deduped,step143000,143000,299892736000,en,average_en_precomputed,11,21544.35,"Parahippocampal Gyrus, posterior division",15,4,0.4738762943661284,0.4509212653204364,0.0229550290456919,0.3235765169871651,0.4690436566722986,EleutherAI_pythia-1.4b-deduped,1400000000.0,1.4,9.146128035678238,0.46239877984328237,143000,11
EleutherAI/pythia-1.4b-deduped,Pythia-1.4B-deduped,step143000,143000,299892736000,en,average_en_precomputed,11,21544.35,Lingual Gyrus,0,0,,,,,,EleutherAI_pythia-1.4b-deduped,1400000000.0,1.4,9.146128035678238,,143000,11
EleutherAI/pythia-1.4b-deduped,Pythia-1.4B-deduped,step143000,143000,299892736000,en,average_en_precomputed,11,21544.35,"Temporal Fusiform Cortex, anterior division",0,0,,,,,,EleutherAI_pythia-1.4b-deduped,1400000000.0,1.4,9.146128035678238,,143000,11
EleutherAI/pythia-1.4b-deduped,Pythia-1.4B-deduped,step143000,143000,299892736000,en,average_en_precomputed,11,21544.35,"Temporal Fusiform Cortex, posterior division",2,0,0.5197065663126217,,,,,EleutherAI_pythia-1.4b-deduped,1400000000.0,1.4,9.146128035678238,0.5197065663126217,143000,11
EleutherAI/pythia-1.4b-deduped,Pythia-1.4B-deduped,step143000,143000,299892736000,en,average_en_precomputed,11,21544.35,Temporal Occipital Fusiform Cortex,0,6,,0.3778410772320768,,,,EleutherAI_pythia-1.4b-deduped,1400000000.0,1.4,9.146128035678238,0.3778410772320768,143000,11
EleutherAI/pythia-1.4b-deduped,Pythia-1.4B-deduped,step143000,143000,299892736000,en,average_en_precomputed,11,21544.35,Occipital Fusiform Gyrus,6,13,0.3627381468247765,0.3325345096417276,0.0302036371830489,0.3421633361749286,0.3420725003311115,EleutherAI_pythia-1.4b-deduped,1400000000.0,1.4,9.146128035678238,0.3476363282332521,143000,11
EleutherAI/pythia-1.4b-deduped,Pythia-1.4B-deduped,step143000,143000,299892736000,en,average_en_precomputed,11,21544.35,Frontal Opercular Cortex,17,29,0.3964500976711744,0.4192050247152628,-0.0227549270440883,0.1973080206249286,0.4107955951554911,EleutherAI_pythia-1.4b-deduped,1400000000.0,1.4,9.146128035678238,0.4078275611932186,143000,11
EleutherAI/pythia-1.4b-deduped,Pythia-1.4B-deduped,step143000,143000,299892736000,en,average_en_precomputed,11,21544.35,Central Opercular Cortex,38,13,0.3474961011561395,0.3221032895754779,0.0253928115806615,0.2102242052161349,0.3410234236944022,EleutherAI_pythia-1.4b-deduped,1400000000.0,1.4,9.146128035678238,0.33479969536580867,143000,11
EleutherAI/pythia-1.4b-deduped,Pythia-1.4B-deduped,step143000,143000,299892736000,en,average_en_precomputed,11,21544.35,Parietal Opercular Cortex,48,13,0.3815440222226103,0.3378756531817761,0.0436683690408342,0.0167911319151119,0.3722376484925965,EleutherAI_pythia-1.4b-deduped,1400000000.0,1.4,9.146128035678238,0.3597098377021932,143000,11
EleutherAI/pythia-1.4b-deduped,Pythia-1.4B-deduped,step143000,143000,299892736000,en,average_en_precomputed,11,21544.35,Planum Polare,31,31,0.3701230877818269,0.362790180456972,0.0073329073248549,0.5068396889169785,0.3664566341193993,EleutherAI_pythia-1.4b-deduped,1400000000.0,1.4,9.146128035678238,0.36645663411939944,143000,11
EleutherAI/pythia-1.4b-deduped,Pythia-1.4B-deduped,step143000,143000,299892736000,en,average_en_precomputed,11,21544.35,Heschl's Gyrus (includes H1 and H2),47,42,0.3847371276542077,0.3562488239985229,0.0284883036556848,0.0040589882806278,0.3712932090751206,EleutherAI_pythia-1.4b-deduped,1400000000.0,1.4,9.146128035678238,0.3704929758263653,143000,11
EleutherAI/pythia-1.4b-deduped,Pythia-1.4B-deduped,step143000,143000,299892736000,en,average_en_precomputed,11,21544.35,Planum Temporale,74,65,0.3847984549835951,0.3585078006624216,0.0262906543211735,0.0003334116042791,0.3725042641139817,EleutherAI_pythia-1.4b-deduped,1400000000.0,1.4,9.146128035678238,0.37165312782300836,143000,11
EleutherAI/pythia-1.4b-deduped,Pythia-1.4B-deduped,step143000,143000,299892736000,en,average_en_precomputed,11,21544.35,Supracalcarine Cortex,0,0,,,,,,EleutherAI_pythia-1.4b-deduped,1400000000.0,1.4,9.146128035678238,,143000,11
EleutherAI/pythia-1.4b-deduped,Pythia-1.4B-deduped,step143000,143000,299892736000,en,average_en_precomputed,11,21544.35,Occipital Pole,0,0,,,,,,EleutherAI_pythia-1.4b-deduped,1400000000.0,1.4,9.146128035678238,,143000,11
EleutherAI/pythia-12b-deduped,Pythia-12B-deduped,step143000,143000,299892736000,en,average_en_precomputed,16,46415.89,Frontal Pole,362,372,0.4401896682896861,0.4050521362012487,0.0351375320884373,2.6522806647384157e-18,0.4223815457598514,EleutherAI_pythia-12b-deduped,12000000000.0,12.0,10.079181246047625,0.4226209022454674,143000,16
EleutherAI/pythia-12b-deduped,Pythia-12B-deduped,step143000,143000,299892736000,en,average_en_precomputed,16,46415.89,Insular Cortex,43,50,0.3829639480925109,0.3850236725452255,-0.0020597244527145,0.790925475783997,0.3840713268305296,EleutherAI_pythia-12b-deduped,12000000000.0,12.0,10.079181246047625,0.3839938103188682,143000,16
EleutherAI/pythia-12b-deduped,Pythia-12B-deduped,step143000,143000,299892736000,en,average_en_precomputed,16,46415.89,Superior Frontal Gyrus,291,216,0.4759577929084305,0.4374130584896884,0.0385447344187421,1.1118143326565585e-13,0.4595363675939368,EleutherAI_pythia-12b-deduped,12000000000.0,12.0,10.079181246047625,0.45668542569905946,143000,16
EleutherAI/pythia-12b-deduped,Pythia-12B-deduped,step143000,143000,299892736000,en,average_en_precomputed,16,46415.89,Middle Frontal Gyrus,290,263,0.4535976971443395,0.4165353343065888,0.0370623628377507,1.0434671709899717e-13,0.4359712931184292,EleutherAI_pythia-12b-deduped,12000000000.0,12.0,10.079181246047625,0.4350665157254642,143000,16
EleutherAI/pythia-12b-deduped,Pythia-12B-deduped,step143000,143000,299892736000,en,average_en_precomputed,16,46415.89,"Inferior Frontal Gyrus, pars triangularis",110,79,0.5091144292047727,0.4799253481529882,0.0291890810517844,0.0001567918991846,0.4969137022042914,EleutherAI_pythia-12b-deduped,12000000000.0,12.0,10.079181246047625,0.4945198886788804,143000,16
EleutherAI/pythia-12b-deduped,Pythia-12B-deduped,step143000,143000,299892736000,en,average_en_precomputed,16,46415.89,"Inferior Frontal Gyrus, pars opercularis",91,79,0.4765834243062999,0.4406818101384281,0.0359016141678718,3.8865848666831575e-08,0.4598997330165242,EleutherAI_pythia-12b-deduped,12000000000.0,12.0,10.079181246047625,0.45863261722236404,143000,16
EleutherAI/pythia-12b-deduped,Pythia-12B-deduped,step143000,143000,299892736000,en,average_en_precomputed,16,46415.89,Precentral Gyrus,36,41,0.4505263634780731,0.4602596334792996,-0.0097332700012264,0.4952788017619079,0.4557090137384663,EleutherAI_pythia-12b-deduped,12000000000.0,12.0,10.079181246047625,0.45539299847868636,143000,16
EleutherAI/pythia-12b-deduped,Pythia-12B-deduped,step143000,143000,299892736000,en,average_en_precomputed,16,46415.89,Temporal Pole,103,94,0.4417198824996259,0.462578707646002,-0.0208588251463761,0.0109208389798123,0.451672824447643,EleutherAI_pythia-12b-deduped,12000000000.0,12.0,10.079181246047625,0.452149295072814,143000,16
EleutherAI/pythia-12b-deduped,Pythia-12B-deduped,step143000,143000,299892736000,en,average_en_precomputed,16,46415.89,"Superior Temporal Gyrus, anterior division",45,38,0.4146792470694362,0.4130178090908534,0.0016614379785828,0.8622662290022728,0.4139185887177959,EleutherAI_pythia-12b-deduped,12000000000.0,12.0,10.079181246047625,0.41384852808014483,143000,16
EleutherAI/pythia-12b-deduped,Pythia-12B-deduped,step143000,143000,299892736000,en,average_en_precomputed,16,46415.89,"Superior Temporal Gyrus, posterior division",105,105,0.4543985899394538,0.4591824775657788,-0.0047838876263249,0.5156998349105787,0.4567905337526163,EleutherAI_pythia-12b-deduped,12000000000.0,12.0,10.079181246047625,0.4567905337526163,143000,16
EleutherAI/pythia-12b-deduped,Pythia-12B-deduped,step143000,143000,299892736000,en,average_en_precomputed,16,46415.89,"Middle Temporal Gyrus, anterior division",45,32,0.4386030783855792,0.4351071334855453,0.0034959449000339,0.7089765686911349,0.4371502181673831,EleutherAI_pythia-12b-deduped,12000000000.0,12.0,10.079181246047625,0.43685510593556226,143000,16
EleutherAI/pythia-12b-deduped,Pythia-12B-deduped,step143000,143000,299892736000,en,average_en_precomputed,16,46415.89,"Middle Temporal Gyrus, posterior division",62,69,0.4679261906056253,0.4743344710106209,-0.0064082804049956,0.5171582930530438,0.4713015444067298,EleutherAI_pythia-12b-deduped,12000000000.0,12.0,10.079181246047625,0.47113033080812305,143000,16
EleutherAI/pythia-12b-deduped,Pythia-12B-deduped,step143000,143000,299892736000,en,average_en_precomputed,16,46415.89,"Middle Temporal Gyrus, temporooccipital part",82,95,0.4970563241639602,0.4821603538413639,0.0148959703225962,0.0638007626851366,0.4890613118439226,EleutherAI_pythia-12b-deduped,12000000000.0,12.0,10.079181246047625,0.48960833900266204,143000,16
EleutherAI/pythia-12b-deduped,Pythia-12B-deduped,step143000,143000,299892736000,en,average_en_precomputed,16,46415.89,"Inferior Temporal Gyrus, anterior division",10,14,0.4522199927544923,0.4839621979321211,-0.0317422051776287,0.0520525497669262,0.4707362791081091,EleutherAI_pythia-12b-deduped,12000000000.0,12.0,10.079181246047625,0.46809109534330673,143000,16
EleutherAI/pythia-12b-deduped,Pythia-12B-deduped,step143000,143000,299892736000,en,average_en_precomputed,16,46415.89,"Inferior Temporal Gyrus, posterior division",3,0,0.5045919297937318,,,,,EleutherAI_pythia-12b-deduped,12000000000.0,12.0,10.079181246047625,0.5045919297937318,143000,16
EleutherAI/pythia-12b-deduped,Pythia-12B-deduped,step143000,143000,299892736000,en,average_en_precomputed,16,46415.89,"Inferior Temporal Gyrus, temporooccipital part",45,6,0.4908524089955672,0.4211930069875436,0.0696594020080236,0.0148630679791898,0.4826571852299173,EleutherAI_pythia-12b-deduped,12000000000.0,12.0,10.079181246047625,0.4560227079915554,143000,16
EleutherAI/pythia-12b-deduped,Pythia-12B-deduped,step143000,143000,299892736000,en,average_en_precomputed,16,46415.89,Postcentral Gyrus,9,0,0.3941408612041072,,,,,EleutherAI_pythia-12b-deduped,12000000000.0,12.0,10.079181246047625,0.3941408612041072,143000,16
EleutherAI/pythia-12b-deduped,Pythia-12B-deduped,step143000,143000,299892736000,en,average_en_precomputed,16,46415.89,Superior Parietal Lobule,33,10,0.441246317797116,0.3923219024229992,0.0489244153741168,0.0040693143906228,0.4298685467798795,EleutherAI_pythia-12b-deduped,12000000000.0,12.0,10.079181246047625,0.41678411011005756,143000,16
EleutherAI/pythia-12b-deduped,Pythia-12B-deduped,step143000,143000,299892736000,en,average_en_precomputed,16,46415.89,"Supramarginal Gyrus, anterior division",44,9,0.4283627916463582,0.362209492860275,0.0661532987860831,3.334008712890924e-06,0.417129212607212,EleutherAI_pythia-12b-deduped,12000000000.0,12.0,10.079181246047625,0.3952861422533166,143000,16
EleutherAI/pythia-12b-deduped,Pythia-12B-deduped,step143000,143000,299892736000,en,average_en_precomputed,16,46415.89,"Supramarginal Gyrus, posterior division",155,145,0.4571422655471294,0.4966519412039227,-0.0395096756567933,1.5446276484144793e-08,0.4762386087812462,EleutherAI_pythia-12b-deduped,12000000000.0,12.0,10.079181246047625,0.47689710337552604,143000,16
EleutherAI/pythia-12b-deduped,Pythia-12B-deduped,step143000,143000,299892736000,en,average_en_precomputed,16,46415.89,Angular Gyrus,140,189,0.4602524883858124,0.4451626549999247,0.0150898333858877,0.0075871383396054,0.4515838606960471,EleutherAI_pythia-12b-deduped,12000000000.0,12.0,10.079181246047625,0.45270757169286857,143000,16
EleutherAI/pythia-12b-deduped,Pythia-12B-deduped,step143000,143000,299892736000,en,average_en_precomputed,16,46415.89,"Lateral Occipital Cortex, superior division",212,191,0.4816617967788603,0.4576148154775256,0.0240469813013346,0.0001839381260447,0.4702648403804609,EleutherAI_pythia-12b-deduped,12000000000.0,12.0,10.079181246047625,0.4696383061281929,143000,16
EleutherAI/pythia-12b-deduped,Pythia-12B-deduped,step143000,143000,299892736000,en,average_en_precomputed,16,46415.89,"Lateral Occipital Cortex, inferior division",17,11,0.3993710835226562,0.3890374784815835,0.0103336050410726,0.3869151412615162,0.3953114529708062,EleutherAI_pythia-12b-deduped,12000000000.0,12.0,10.079181246047625,0.39420428100211985,143000,16
EleutherAI/pythia-12b-deduped,Pythia-12B-deduped,step143000,143000,299892736000,en,average_en_precomputed,16,46415.89,Intracalcarine Cortex,0,0,,,,,,EleutherAI_pythia-12b-deduped,12000000000.0,12.0,10.079181246047625,,143000,16
EleutherAI/pythia-12b-deduped,Pythia-12B-deduped,step143000,143000,299892736000,en,average_en_precomputed,16,46415.89,Frontal Medial Cortex,13,23,0.3853148030588784,0.4209724937190366,-0.0356576906601581,0.0001207836638871,0.4080961054250906,EleutherAI_pythia-12b-deduped,12000000000.0,12.0,10.079181246047625,0.4031436483889575,143000,16
EleutherAI/pythia-12b-deduped,Pythia-12B-deduped,step143000,143000,299892736000,en,average_en_precomputed,16,46415.89,Juxtapositional Lobule Cortex ),7,5,0.4408161980815602,0.4727382594992638,-0.0319220614177036,0.0573690334753782,0.4541170570056033,EleutherAI_pythia-12b-deduped,12000000000.0,12.0,10.079181246047625,0.456777228790412,143000,16
EleutherAI/pythia-12b-deduped,Pythia-12B-deduped,step143000,143000,299892736000,en,average_en_precomputed,16,46415.89,Subcallosal Cortex,0,0,,,,,,EleutherAI_pythia-12b-deduped,12000000000.0,12.0,10.079181246047625,,143000,16
EleutherAI/pythia-12b-deduped,Pythia-12B-deduped,step143000,143000,299892736000,en,average_en_precomputed,16,46415.89,Paracingulate Gyrus,61,90,0.384889506246417,0.3844858789133803,0.0004036273330367,0.953797422922647,0.3846489336638123,EleutherAI_pythia-12b-deduped,12000000000.0,12.0,10.079181246047625,0.38468769257989865,143000,16
EleutherAI/pythia-12b-deduped,Pythia-12B-deduped,step143000,143000,299892736000,en,average_en_precomputed,16,46415.89,"Cingulate Gyrus, anterior division",41,44,0.3690759697439538,0.4081705476966041,-0.0390945779526503,0.0001333189865577,0.3893131630370905,EleutherAI_pythia-12b-deduped,12000000000.0,12.0,10.079181246047625,0.3886232587202789,143000,16
EleutherAI/pythia-12b-deduped,Pythia-12B-deduped,step143000,143000,299892736000,en,average_en_precomputed,16,46415.89,"Cingulate Gyrus, posterior division",174,132,0.4569950586050186,0.4697977579759032,-0.0128026993708845,0.0061578766867987,0.4625177916669689,EleutherAI_pythia-12b-deduped,12000000000.0,12.0,10.079181246047625,0.4633964082904609,143000,16
EleutherAI/pythia-12b-deduped,Pythia-12B-deduped,step143000,143000,299892736000,en,average_en_precomputed,16,46415.89,Precuneous Cortex,327,253,0.4378575446788446,0.4422851491324016,-0.004427604453557,0.350564089723097,0.4397888962766893,EleutherAI_pythia-12b-deduped,12000000000.0,12.0,10.079181246047625,0.4400713469056231,143000,16
EleutherAI/pythia-12b-deduped,Pythia-12B-deduped,step143000,143000,299892736000,en,average_en_precomputed,16,46415.89,Cuneal Cortex,3,3,0.3221053230722094,0.3165875910206659,0.0055177320515435,0.1589636827681278,0.3193464570464376,EleutherAI_pythia-12b-deduped,12000000000.0,12.0,10.079181246047625,0.31934645704643766,143000,16
EleutherAI/pythia-12b-deduped,Pythia-12B-deduped,step143000,143000,299892736000,en,average_en_precomputed,16,46415.89,Frontal Orbital Cortex,91,40,0.447935336350278,0.4400570807155327,0.0078782556347453,0.4176336549481974,0.4455297621106611,EleutherAI_pythia-12b-deduped,12000000000.0,12.0,10.079181246047625,0.44399620853290533,143000,16
EleutherAI/pythia-12b-deduped,Pythia-12B-deduped,step143000,143000,299892736000,en,average_en_precomputed,16,46415.89,"Parahippocampal Gyrus, anterior division",0,0,,,,,,EleutherAI_pythia-12b-deduped,12000000000.0,12.0,10.079181246047625,,143000,16
EleutherAI/pythia-12b-deduped,Pythia-12B-deduped,step143000,143000,299892736000,en,average_en_precomputed,16,46415.89,"Parahippocampal Gyrus, posterior division",15,4,0.4828439841598486,0.4711186869344748,0.0117252972253737,0.6554639913329734,0.480375500533454,EleutherAI_pythia-12b-deduped,12000000000.0,12.0,10.079181246047625,0.4769813355471617,143000,16
EleutherAI/pythia-12b-deduped,Pythia-12B-deduped,step143000,143000,299892736000,en,average_en_precomputed,16,46415.89,Lingual Gyrus,0,0,,,,,,EleutherAI_pythia-12b-deduped,12000000000.0,12.0,10.079181246047625,,143000,16
EleutherAI/pythia-12b-deduped,Pythia-12B-deduped,step143000,143000,299892736000,en,average_en_precomputed,16,46415.89,"Temporal Fusiform Cortex, anterior division",0,0,,,,,,EleutherAI_pythia-12b-deduped,12000000000.0,12.0,10.079181246047625,,143000,16
EleutherAI/pythia-12b-deduped,Pythia-12B-deduped,step143000,143000,299892736000,en,average_en_precomputed,16,46415.89,"Temporal Fusiform Cortex, posterior division",2,0,0.5328892751002454,,,,,EleutherAI_pythia-12b-deduped,12000000000.0,12.0,10.079181246047625,0.5328892751002454,143000,16
EleutherAI/pythia-12b-deduped,Pythia-12B-deduped,step143000,143000,299892736000,en,average_en_precomputed,16,46415.89,Temporal Occipital Fusiform Cortex,0,6,,0.3968344037203339,,,,EleutherAI_pythia-12b-deduped,12000000000.0,12.0,10.079181246047625,0.3968344037203339,143000,16
EleutherAI/pythia-12b-deduped,Pythia-12B-deduped,step143000,143000,299892736000,en,average_en_precomputed,16,46415.89,Occipital Fusiform Gyrus,6,13,0.3707024526453508,0.3633187399662626,0.0073837126790881,0.8070153823089451,0.3656504387070273,EleutherAI_pythia-12b-deduped,12000000000.0,12.0,10.079181246047625,0.3670105963058067,143000,16
EleutherAI/pythia-12b-deduped,Pythia-12B-deduped,step143000,143000,299892736000,en,average_en_precomputed,16,46415.89,Frontal Opercular Cortex,17,29,0.4118566545707299,0.4299485817420034,-0.0180919271712734,0.2373442131089229,0.423262434743924,EleutherAI_pythia-12b-deduped,12000000000.0,12.0,10.079181246047625,0.42090261815636665,143000,16
EleutherAI/pythia-12b-deduped,Pythia-12B-deduped,step143000,143000,299892736000,en,average_en_precomputed,16,46415.89,Central Opercular Cortex,38,13,0.3595334063728431,0.333061387202197,0.0264720191706461,0.1852096803208408,0.3527856367803255,EleutherAI_pythia-12b-deduped,12000000000.0,12.0,10.079181246047625,0.34629739678752003,143000,16
EleutherAI/pythia-12b-deduped,Pythia-12B-deduped,step143000,143000,299892736000,en,average_en_precomputed,16,46415.89,Parietal Opercular Cortex,48,13,0.3902533403664912,0.3414264920815185,0.0488268482849726,0.0057269123771538,0.3798476186008414,EleutherAI_pythia-12b-deduped,12000000000.0,12.0,10.079181246047625,0.3658399162240048,143000,16
EleutherAI/pythia-12b-deduped,Pythia-12B-deduped,step143000,143000,299892736000,en,average_en_precomputed,16,46415.89,Planum Polare,31,31,0.3838600384477408,0.3712784979292549,0.0125815405184859,0.2626513203807015,0.3775692681884979,EleutherAI_pythia-12b-deduped,12000000000.0,12.0,10.079181246047625,0.37756926818849784,143000,16
EleutherAI/pythia-12b-deduped,Pythia-12B-deduped,step143000,143000,299892736000,en,average_en_precomputed,16,46415.89,Heschl's Gyrus (includes H1 and H2),47,42,0.3997345427136323,0.3729796219999298,0.0267549207137025,0.008605331312452,0.3871086250734581,EleutherAI_pythia-12b-deduped,12000000000.0,12.0,10.079181246047625,0.386357082356781,143000,16
EleutherAI/pythia-12b-deduped,Pythia-12B-deduped,step143000,143000,299892736000,en,average_en_precomputed,16,46415.89,Planum Temporale,74,65,0.3951352517617178,0.3665489241884329,0.0285863275732849,0.0001484898988478,0.3817675446231313,EleutherAI_pythia-12b-deduped,12000000000.0,12.0,10.079181246047625,0.38084208797507535,143000,16
EleutherAI/pythia-12b-deduped,Pythia-12B-deduped,step143000,143000,299892736000,en,average_en_precomputed,16,46415.89,Supracalcarine Cortex,0,0,,,,,,EleutherAI_pythia-12b-deduped,12000000000.0,12.0,10.079181246047625,,143000,16
EleutherAI/pythia-12b-deduped,Pythia-12B-deduped,step143000,143000,299892736000,en,average_en_precomputed,16,46415.89,Occipital Pole,0,0,,,,,,EleutherAI_pythia-12b-deduped,12000000000.0,12.0,10.079181246047625,,143000,16
EleutherAI/pythia-1b-deduped,Pythia-1B-deduped,step143000,143000,299892736000,en,average_en_precomputed,9,29834.863333333327,Frontal Pole,362,372,0.4074437217210717,0.3748666550757547,0.032577066645317,3.069910651430505e-14,0.3909332737754887,EleutherAI_pythia-1b-deduped,1000000000.0,1.0,9.0,0.3911551883984132,143000,9
EleutherAI/pythia-1b-deduped,Pythia-1B-deduped,step143000,143000,299892736000,en,average_en_precomputed,9,29834.863333333327,Insular Cortex,43,50,0.345338155806121,0.3486003760889399,-0.0032622202828189,0.6928822568005341,0.3470920376786042,EleutherAI_pythia-1b-deduped,1000000000.0,1.0,9.0,0.3469692659475304,143000,9
EleutherAI/pythia-1b-deduped,Pythia-1B-deduped,step143000,143000,299892736000,en,average_en_precomputed,9,29834.863333333327,Superior Frontal Gyrus,291,216,0.4464544919716382,0.4146988410802333,0.0317556508914049,6.985025276635443e-09,0.4329254572723414,EleutherAI_pythia-1b-deduped,1000000000.0,1.0,9.0,0.43057666652593574,143000,9
EleutherAI/pythia-1b-deduped,Pythia-1B-deduped,step143000,143000,299892736000,en,average_en_precomputed,9,29834.863333333327,Middle Frontal Gyrus,290,263,0.4185462318312827,0.399823563723844,0.0187226681074387,0.0002740215854969,0.4096419611038752,EleutherAI_pythia-1b-deduped,1000000000.0,1.0,9.0,0.40918489777756334,143000,9
EleutherAI/pythia-1b-deduped,Pythia-1B-deduped,step143000,143000,299892736000,en,average_en_precomputed,9,29834.863333333327,"Inferior Frontal Gyrus, pars triangularis",110,79,0.4720315005438104,0.4556555756118766,0.0163759249319338,0.0537200007000117,0.465186537212473,EleutherAI_pythia-1b-deduped,1000000000.0,1.0,9.0,0.4638435380778435,143000,9
EleutherAI/pythia-1b-deduped,Pythia-1B-deduped,step143000,143000,299892736000,en,average_en_precomputed,9,29834.863333333327,"Inferior Frontal Gyrus, pars opercularis",91,79,0.437728019071593,0.4146343745898866,0.0230936444817063,0.0003576038894066,0.4269962666359765,EleutherAI_pythia-1b-deduped,1000000000.0,1.0,9.0,0.4261811968307398,143000,9
EleutherAI/pythia-1b-deduped,Pythia-1B-deduped,step143000,143000,299892736000,en,average_en_precomputed,9,29834.863333333327,Precentral Gyrus,36,41,0.4235738939450869,0.4451633129616816,-0.0215894190165947,0.1195855034906191,0.4350695586162606,EleutherAI_pythia-1b-deduped,1000000000.0,1.0,9.0,0.43436860345338424,143000,9
EleutherAI/pythia-1b-deduped,Pythia-1B-deduped,step143000,143000,299892736000,en,average_en_precomputed,9,29834.863333333327,Temporal Pole,103,94,0.4142022595489427,0.4361413765727109,-0.0219391170237682,0.0071370878061817,0.4246706707176443,EleutherAI_pythia-1b-deduped,1000000000.0,1.0,9.0,0.4251718180608268,143000,9
EleutherAI/pythia-1b-deduped,Pythia-1B-deduped,step143000,143000,299892736000,en,average_en_precomputed,9,29834.863333333327,"Superior Temporal Gyrus, anterior division",45,38,0.3814534474818056,0.3853207847722892,-0.0038673372904835,0.6648835426374827,0.3832240356388944,EleutherAI_pythia-1b-deduped,1000000000.0,1.0,9.0,0.3833871161270474,143000,9
EleutherAI/pythia-1b-deduped,Pythia-1B-deduped,step143000,143000,299892736000,en,average_en_precomputed,9,29834.863333333327,"Superior Temporal Gyrus, posterior division",105,105,0.4154032826236373,0.4380726084340363,-0.022669325810399,0.0016115925382994,0.4267379455288368,EleutherAI_pythia-1b-deduped,1000000000.0,1.0,9.0,0.4267379455288368,143000,9
EleutherAI/pythia-1b-deduped,Pythia-1B-deduped,step143000,143000,299892736000,en,average_en_precomputed,9,29834.863333333327,"Middle Temporal Gyrus, anterior division",45,32,0.4043465432228658,0.3978943644026559,0.0064521788202098,0.4883110977719023,0.4016651182586228,EleutherAI_pythia-1b-deduped,1000000000.0,1.0,9.0,0.40112045381276085,143000,9
EleutherAI/pythia-1b-deduped,Pythia-1B-deduped,step143000,143000,299892736000,en,average_en_precomputed,9,29834.863333333327,"Middle Temporal Gyrus, posterior division",62,69,0.4263696498243542,0.4498627750318059,-0.0234931252074516,0.0214260623643677,0.4387438913458364,EleutherAI_pythia-1b-deduped,1000000000.0,1.0,9.0,0.4381162124280801,143000,9
EleutherAI/pythia-1b-deduped,Pythia-1B-deduped,step143000,143000,299892736000,en,average_en_precomputed,9,29834.863333333327,"Middle Temporal Gyrus, temporooccipital part",82,95,0.4641329508451426,0.4578749023656684,0.0062580484794741,0.4831228578210361,0.4607741112657639,EleutherAI_pythia-1b-deduped,1000000000.0,1.0,9.0,0.4610039266054055,143000,9
EleutherAI/pythia-1b-deduped,Pythia-1B-deduped,step143000,143000,299892736000,en,average_en_precomputed,9,29834.863333333327,"Inferior Temporal Gyrus, anterior division",10,14,0.4203304047889601,0.4605598192610985,-0.0402294144721384,0.02537151009882,0.4437975632310409,EleutherAI_pythia-1b-deduped,1000000000.0,1.0,9.0,0.44044511202502934,143000,9
EleutherAI/pythia-1b-deduped,Pythia-1B-deduped,step143000,143000,299892736000,en,average_en_precomputed,9,29834.863333333327,"Inferior Temporal Gyrus, posterior division",3,0,0.4821322852954949,,,,,EleutherAI_pythia-1b-deduped,1000000000.0,1.0,9.0,0.4821322852954949,143000,9
EleutherAI/pythia-1b-deduped,Pythia-1B-deduped,step143000,143000,299892736000,en,average_en_precomputed,9,29834.863333333327,"Inferior Temporal Gyrus, temporooccipital part",45,6,0.4771802990496091,0.4052559994944987,0.0719242995551104,0.0122119372749685,0.4687186167490079,EleutherAI_pythia-1b-deduped,1000000000.0,1.0,9.0,0.44121814927205394,143000,9
EleutherAI/pythia-1b-deduped,Pythia-1B-deduped,step143000,143000,299892736000,en,average_en_precomputed,9,29834.863333333327,Postcentral Gyrus,9,0,0.3740242737406116,,,,,EleutherAI_pythia-1b-deduped,1000000000.0,1.0,9.0,0.3740242737406116,143000,9
EleutherAI/pythia-1b-deduped,Pythia-1B-deduped,step143000,143000,299892736000,en,average_en_precomputed,9,29834.863333333327,Superior Parietal Lobule,33,10,0.4063182862531057,0.3634692081069764,0.0428490781461292,0.0075053599601028,0.396353384358657,EleutherAI_pythia-1b-deduped,1000000000.0,1.0,9.0,0.38489374718004105,143000,9
EleutherAI/pythia-1b-deduped,Pythia-1B-deduped,step143000,143000,299892736000,en,average_en_precomputed,9,29834.863333333327,"Supramarginal Gyrus, anterior division",44,9,0.4144504995236885,0.345502330593779,0.0689481689299095,1.3547721241049023e-06,0.4027423198940812,EleutherAI_pythia-1b-deduped,1000000000.0,1.0,9.0,0.37997641505873375,143000,9
EleutherAI/pythia-1b-deduped,Pythia-1B-deduped,step143000,143000,299892736000,en,average_en_precomputed,9,29834.863333333327,"Supramarginal Gyrus, posterior division",155,145,0.4154349849055055,0.4774954114955936,-0.062060426590088,6.012930482083361e-17,0.4454308577573814,EleutherAI_pythia-1b-deduped,1000000000.0,1.0,9.0,0.44646519820054953,143000,9
EleutherAI/pythia-1b-deduped,Pythia-1B-deduped,step143000,143000,299892736000,en,average_en_precomputed,9,29834.863333333327,Angular Gyrus,140,189,0.4058369479622839,0.4211611732419856,-0.0153242252797017,0.0094845867162709,0.414640226314453,EleutherAI_pythia-1b-deduped,1000000000.0,1.0,9.0,0.41349906060213476,143000,9
EleutherAI/pythia-1b-deduped,Pythia-1B-deduped,step143000,143000,299892736000,en,average_en_precomputed,9,29834.863333333327,"Lateral Occipital Cortex, superior division",212,191,0.4567527664022355,0.4377220406892407,0.0190307257129948,0.0039803841625707,0.4477332413124538,EleutherAI_pythia-1b-deduped,1000000000.0,1.0,9.0,0.4472374035457381,143000,9
EleutherAI/pythia-1b-deduped,Pythia-1B-deduped,step143000,143000,299892736000,en,average_en_precomputed,9,29834.863333333327,"Lateral Occipital Cortex, inferior division",17,11,0.3989711215909906,0.3864424333879395,0.012528688203051,0.3727016241993295,0.3940491369397919,EleutherAI_pythia-1b-deduped,1000000000.0,1.0,9.0,0.39270677748946503,143000,9
EleutherAI/pythia-1b-deduped,Pythia-1B-deduped,step143000,143000,299892736000,en,average_en_precomputed,9,29834.863333333327,Intracalcarine Cortex,0,0,,,,,,EleutherAI_pythia-1b-deduped,1000000000.0,1.0,9.0,,143000,9
EleutherAI/pythia-1b-deduped,Pythia-1B-deduped,step143000,143000,299892736000,en,average_en_precomputed,9,29834.863333333327,Frontal Medial Cortex,13,23,0.3268093852109018,0.3735305812765976,-0.0467211960656957,0.0004909186788424,0.3566590382528742,EleutherAI_pythia-1b-deduped,1000000000.0,1.0,9.0,0.3501699832437497,143000,9
EleutherAI/pythia-1b-deduped,Pythia-1B-deduped,step143000,143000,299892736000,en,average_en_precomputed,9,29834.863333333327,Juxtapositional Lobule Cortex ),7,5,0.429662284422608,0.4556549333806702,-0.0259926489580621,0.0792127544398897,0.4404925548218006,EleutherAI_pythia-1b-deduped,1000000000.0,1.0,9.0,0.4426586089016391,143000,9
EleutherAI/pythia-1b-deduped,Pythia-1B-deduped,step143000,143000,299892736000,en,average_en_precomputed,9,29834.863333333327,Subcallosal Cortex,0,0,,,,,,EleutherAI_pythia-1b-deduped,1000000000.0,1.0,9.0,,143000,9
EleutherAI/pythia-1b-deduped,Pythia-1B-deduped,step143000,143000,299892736000,en,average_en_precomputed,9,29834.863333333327,Paracingulate Gyrus,61,90,0.338963371717379,0.3514732521825093,-0.0125098804651303,0.1302809180027158,0.3464195918621587,EleutherAI_pythia-1b-deduped,1000000000.0,1.0,9.0,0.3452183119499441,143000,9
EleutherAI/pythia-1b-deduped,Pythia-1B-deduped,step143000,143000,299892736000,en,average_en_precomputed,9,29834.863333333327,"Cingulate Gyrus, anterior division",41,44,0.3257939997582045,0.3704184616303246,-0.0446244618721201,1.855067083233798e-05,0.3488937211978902,EleutherAI_pythia-1b-deduped,1000000000.0,1.0,9.0,0.34810623069426455,143000,9
EleutherAI/pythia-1b-deduped,Pythia-1B-deduped,step143000,143000,299892736000,en,average_en_precomputed,9,29834.863333333327,"Cingulate Gyrus, posterior division",174,132,0.4114912670245684,0.4353811879932117,-0.0238899209686432,8.854853702826066e-07,0.421796723128689,EleutherAI_pythia-1b-deduped,1000000000.0,1.0,9.0,0.42343622750889004,143000,9
EleutherAI/pythia-1b-deduped,Pythia-1B-deduped,step143000,143000,299892736000,en,average_en_precomputed,9,29834.863333333327,Precuneous Cortex,327,253,0.3980783199271286,0.4103615536281076,-0.012283233700979,0.0056501691499713,0.4034363511794521,EleutherAI_pythia-1b-deduped,1000000000.0,1.0,9.0,0.40421993677761814,143000,9
EleutherAI/pythia-1b-deduped,Pythia-1B-deduped,step143000,143000,299892736000,en,average_en_precomputed,9,29834.863333333327,Cuneal Cortex,3,3,0.2906938043736937,0.3028945031887562,-0.0122006988150625,0.1642066098457958,0.296794153781225,EleutherAI_pythia-1b-deduped,1000000000.0,1.0,9.0,0.296794153781225,143000,9
EleutherAI/pythia-1b-deduped,Pythia-1B-deduped,step143000,143000,299892736000,en,average_en_precomputed,9,29834.863333333327,Frontal Orbital Cortex,91,40,0.4262626493869444,0.4196628564413995,0.0065997929455449,0.521823283247185,0.4242474454341063,EleutherAI_pythia-1b-deduped,1000000000.0,1.0,9.0,0.42296275291417196,143000,9
EleutherAI/pythia-1b-deduped,Pythia-1B-deduped,step143000,143000,299892736000,en,average_en_precomputed,9,29834.863333333327,"Parahippocampal Gyrus, anterior division",0,0,,,,,,EleutherAI_pythia-1b-deduped,1000000000.0,1.0,9.0,,143000,9
EleutherAI/pythia-1b-deduped,Pythia-1B-deduped,step143000,143000,299892736000,en,average_en_precomputed,9,29834.863333333327,"Parahippocampal Gyrus, posterior division",15,4,0.4678642120169442,0.4484822749966713,0.0193819370202728,0.4453627792874358,0.4637838042232027,EleutherAI_pythia-1b-deduped,1000000000.0,1.0,9.0,0.45817324350680777,143000,9
EleutherAI/pythia-1b-deduped,Pythia-1B-deduped,step143000,143000,299892736000,en,average_en_precomputed,9,29834.863333333327,Lingual Gyrus,0,0,,,,,,EleutherAI_pythia-1b-deduped,1000000000.0,1.0,9.0,,143000,9
EleutherAI/pythia-1b-deduped,Pythia-1B-deduped,step143000,143000,299892736000,en,average_en_precomputed,9,29834.863333333327,"Temporal Fusiform Cortex, anterior division",0,0,,,,,,EleutherAI_pythia-1b-deduped,1000000000.0,1.0,9.0,,143000,9
EleutherAI/pythia-1b-deduped,Pythia-1B-deduped,step143000,143000,299892736000,en,average_en_precomputed,9,29834.863333333327,"Temporal Fusiform Cortex, posterior division",2,0,0.5224328254547436,,,,,EleutherAI_pythia-1b-deduped,1000000000.0,1.0,9.0,0.5224328254547436,143000,9
EleutherAI/pythia-1b-deduped,Pythia-1B-deduped,step143000,143000,299892736000,en,average_en_precomputed,9,29834.863333333327,Temporal Occipital Fusiform Cortex,0,6,,0.3912281115528828,,,,EleutherAI_pythia-1b-deduped,1000000000.0,1.0,9.0,0.3912281115528828,143000,9
EleutherAI/pythia-1b-deduped,Pythia-1B-deduped,step143000,143000,299892736000,en,average_en_precomputed,9,29834.863333333327,Occipital Fusiform Gyrus,6,13,0.3668435650574271,0.3195876286713043,0.0472559363861227,0.1985737094364634,0.3345105559511326,EleutherAI_pythia-1b-deduped,1000000000.0,1.0,9.0,0.3432155968643657,143000,9
EleutherAI/pythia-1b-deduped,Pythia-1B-deduped,step143000,143000,299892736000,en,average_en_precomputed,9,29834.863333333327,Frontal Opercular Cortex,17,29,0.3838002295396773,0.4031391212679284,-0.019338891728251,0.2701250622512529,0.3959921395422703,EleutherAI_pythia-1b-deduped,1000000000.0,1.0,9.0,0.39346967540380284,143000,9
EleutherAI/pythia-1b-deduped,Pythia-1B-deduped,step143000,143000,299892736000,en,average_en_precomputed,9,29834.863333333327,Central Opercular Cortex,38,13,0.3454846727631424,0.3218945788645633,0.023590093898579,0.2175240948731466,0.3394715115733085,EleutherAI_pythia-1b-deduped,1000000000.0,1.0,9.0,0.33368962581385286,143000,9
EleutherAI/pythia-1b-deduped,Pythia-1B-deduped,step143000,143000,299892736000,en,average_en_precomputed,9,29834.863333333327,Parietal Opercular Cortex,48,13,0.3743863103388264,0.3306568685250294,0.043729441813797,0.0164426609266775,0.3650669210998206,EleutherAI_pythia-1b-deduped,1000000000.0,1.0,9.0,0.3525215894319279,143000,9
EleutherAI/pythia-1b-deduped,Pythia-1B-deduped,step143000,143000,299892736000,en,average_en_precomputed,9,29834.863333333327,Planum Polare,31,31,0.3663536979740122,0.3591602091585013,0.0071934888155108,0.5027841635208388,0.3627569535662568,EleutherAI_pythia-1b-deduped,1000000000.0,1.0,9.0,0.3627569535662567,143000,9
EleutherAI/pythia-1b-deduped,Pythia-1B-deduped,step143000,143000,299892736000,en,average_en_precomputed,9,29834.863333333327,Heschl's Gyrus (includes H1 and H2),47,42,0.3838921882342082,0.3552475531031913,0.0286446351310169,0.004544449971585,0.3703744952510317,EleutherAI_pythia-1b-deduped,1000000000.0,1.0,9.0,0.36956987066869973,143000,9
EleutherAI/pythia-1b-deduped,Pythia-1B-deduped,step143000,143000,299892736000,en,average_en_precomputed,9,29834.863333333327,Planum Temporale,74,65,0.3789002270874286,0.3556362972748449,0.0232639298125836,0.0007839213304123,0.3680214109880189,EleutherAI_pythia-1b-deduped,1000000000.0,1.0,9.0,0.36726826218113673,143000,9
EleutherAI/pythia-1b-deduped,Pythia-1B-deduped,step143000,143000,299892736000,en,average_en_precomputed,9,29834.863333333327,Supracalcarine Cortex,0,0,,,,,,EleutherAI_pythia-1b-deduped,1000000000.0,1.0,9.0,,143000,9
EleutherAI/pythia-1b-deduped,Pythia-1B-deduped,step143000,143000,299892736000,en,average_en_precomputed,9,29834.863333333327,Occipital Pole,0,0,,,,,,EleutherAI_pythia-1b-deduped,1000000000.0,1.0,9.0,,143000,9
EleutherAI/pythia-2.8b-deduped,Pythia-2.8B-deduped,step143000,143000,299892736000,en,average_en_precomputed,13,32598.367777777778,Frontal Pole,362,372,0.4181465953389103,0.3956976856017306,0.0224489097371797,1.5208809831189407e-08,0.4067692187418655,EleutherAI_pythia-2.8b-deduped,2800000000.0,2.8,9.44715803134222,0.40692214047032044,143000,13
EleutherAI/pythia-2.8b-deduped,Pythia-2.8B-deduped,step143000,143000,299892736000,en,average_en_precomputed,13,32598.367777777778,Insular Cortex,43,50,0.3671258723681863,0.3765035275232106,-0.0093776551550243,0.2653822054574314,0.3721676224515327,EleutherAI_pythia-2.8b-deduped,2800000000.0,2.8,9.44715803134222,0.37181469994569843,143000,13
EleutherAI/pythia-2.8b-deduped,Pythia-2.8B-deduped,step143000,143000,299892736000,en,average_en_precomputed,13,32598.367777777778,Superior Frontal Gyrus,291,216,0.4571049284825462,0.4346858115900356,0.0224191168925105,1.5481274155029804e-05,0.4475535887413582,EleutherAI_pythia-2.8b-deduped,2800000000.0,2.8,9.44715803134222,0.4458953700362909,143000,13
EleutherAI/pythia-2.8b-deduped,Pythia-2.8B-deduped,step143000,143000,299892736000,en,average_en_precomputed,13,32598.367777777778,Middle Frontal Gyrus,290,263,0.4359968666743654,0.4180090799161989,0.0179877867581664,0.0001709631911912,0.427442096480156,EleutherAI_pythia-2.8b-deduped,2800000000.0,2.8,9.44715803134222,0.42700297329528214,143000,13
EleutherAI/pythia-2.8b-deduped,Pythia-2.8B-deduped,step143000,143000,299892736000,en,average_en_precomputed,13,32598.367777777778,"Inferior Frontal Gyrus, pars triangularis",110,79,0.4805472980962772,0.4676679424571847,0.0128793556390924,0.1021041363498779,0.4751638637286142,EleutherAI_pythia-2.8b-deduped,2800000000.0,2.8,9.44715803134222,0.4741076202767309,143000,13
EleutherAI/pythia-2.8b-deduped,Pythia-2.8B-deduped,step143000,143000,299892736000,en,average_en_precomputed,13,32598.367777777778,"Inferior Frontal Gyrus, pars opercularis",91,79,0.4512205338764272,0.4361768756633793,0.0150436582130478,0.0160026907011198,0.4442296574127167,EleutherAI_pythia-2.8b-deduped,2800000000.0,2.8,9.44715803134222,0.44369870476990325,143000,13
EleutherAI/pythia-2.8b-deduped,Pythia-2.8B-deduped,step143000,143000,299892736000,en,average_en_precomputed,13,32598.367777777778,Precentral Gyrus,36,41,0.4361689365585618,0.4576374027368279,-0.021468466178266,0.1306542664435868,0.4476001977703658,EleutherAI_pythia-2.8b-deduped,2800000000.0,2.8,9.44715803134222,0.44690316964769483,143000,13
EleutherAI/pythia-2.8b-deduped,Pythia-2.8B-deduped,step143000,143000,299892736000,en,average_en_precomputed,13,32598.367777777778,Temporal Pole,103,94,0.4165052583092912,0.4448181922630289,-0.0283129339537376,0.0004984649695045,0.4300149831400087,EleutherAI_pythia-2.8b-deduped,2800000000.0,2.8,9.44715803134222,0.43066172528616004,143000,13
EleutherAI/pythia-2.8b-deduped,Pythia-2.8B-deduped,step143000,143000,299892736000,en,average_en_precomputed,13,32598.367777777778,"Superior Temporal Gyrus, anterior division",45,38,0.3859672681564778,0.3908001083231075,-0.0048328401666297,0.6252747743361897,0.3881798937749347,EleutherAI_pythia-2.8b-deduped,2800000000.0,2.8,9.44715803134222,0.38838368823979263,143000,13
EleutherAI/pythia-2.8b-deduped,Pythia-2.8B-deduped,step143000,143000,299892736000,en,average_en_precomputed,13,32598.367777777778,"Superior Temporal Gyrus, posterior division",105,105,0.4220037959777016,0.4382045656078405,-0.0162007696301388,0.0300366172190753,0.4301041807927711,EleutherAI_pythia-2.8b-deduped,2800000000.0,2.8,9.44715803134222,0.430104180792771,143000,13
EleutherAI/pythia-2.8b-deduped,Pythia-2.8B-deduped,step143000,143000,299892736000,en,average_en_precomputed,13,32598.367777777778,"Middle Temporal Gyrus, anterior division",45,32,0.4193693509943226,0.4126381569088863,0.0067311940854363,0.4888940853567451,0.4165719716341414,EleutherAI_pythia-2.8b-deduped,2800000000.0,2.8,9.44715803134222,0.41600375395160444,143000,13
EleutherAI/pythia-2.8b-deduped,Pythia-2.8B-deduped,step143000,143000,299892736000,en,average_en_precomputed,13,32598.367777777778,"Middle Temporal Gyrus, posterior division",62,69,0.4426679264659451,0.4587670305569677,-0.0160991040910226,0.1038338565175275,0.4511476072467127,EleutherAI_pythia-2.8b-deduped,2800000000.0,2.8,9.44715803134222,0.4507174785114564,143000,13
EleutherAI/pythia-2.8b-deduped,Pythia-2.8B-deduped,step143000,143000,299892736000,en,average_en_precomputed,13,32598.367777777778,"Middle Temporal Gyrus, temporooccipital part",82,95,0.4750439595268426,0.4755731517395909,-0.0005291922127483,0.948862545366406,0.4753279892455492,EleutherAI_pythia-2.8b-deduped,2800000000.0,2.8,9.44715803134222,0.4753085556332167,143000,13
EleutherAI/pythia-2.8b-deduped,Pythia-2.8B-deduped,step143000,143000,299892736000,en,average_en_precomputed,13,32598.367777777778,"Inferior Temporal Gyrus, anterior division",10,14,0.4243955867125839,0.4620076798118325,-0.0376120930992486,0.0191289133084808,0.4463359743538122,EleutherAI_pythia-2.8b-deduped,2800000000.0,2.8,9.44715803134222,0.4432016332622082,143000,13
EleutherAI/pythia-2.8b-deduped,Pythia-2.8B-deduped,step143000,143000,299892736000,en,average_en_precomputed,13,32598.367777777778,"Inferior Temporal Gyrus, posterior division",3,0,0.4804407865269546,,,,,EleutherAI_pythia-2.8b-deduped,2800000000.0,2.8,9.44715803134222,0.4804407865269546,143000,13
EleutherAI/pythia-2.8b-deduped,Pythia-2.8B-deduped,step143000,143000,299892736000,en,average_en_precomputed,13,32598.367777777778,"Inferior Temporal Gyrus, temporooccipital part",45,6,0.4758005796158917,0.4123910338409703,0.0634095457749213,0.0096320006397283,0.4683406330541363,EleutherAI_pythia-2.8b-deduped,2800000000.0,2.8,9.44715803134222,0.44409580672843096,143000,13
EleutherAI/pythia-2.8b-deduped,Pythia-2.8B-deduped,step143000,143000,299892736000,en,average_en_precomputed,13,32598.367777777778,Postcentral Gyrus,9,0,0.3772240738867211,,,,,EleutherAI_pythia-2.8b-deduped,2800000000.0,2.8,9.44715803134222,0.3772240738867211,143000,13
EleutherAI/pythia-2.8b-deduped,Pythia-2.8B-deduped,step143000,143000,299892736000,en,average_en_precomputed,13,32598.367777777778,Superior Parietal Lobule,33,10,0.4120989828360606,0.3710395152481956,0.0410594675878649,0.0079001897706164,0.4025502694435337,EleutherAI_pythia-2.8b-deduped,2800000000.0,2.8,9.44715803134222,0.3915692490421281,143000,13
EleutherAI/pythia-2.8b-deduped,Pythia-2.8B-deduped,step143000,143000,299892736000,en,average_en_precomputed,13,32598.367777777778,"Supramarginal Gyrus, anterior division",44,9,0.4107036356561547,0.3551230189985699,0.0555806166575847,1.2033117713358483e-05,0.4012654177331687,EleutherAI_pythia-2.8b-deduped,2800000000.0,2.8,9.44715803134222,0.3829133273273623,143000,13
EleutherAI/pythia-2.8b-deduped,Pythia-2.8B-deduped,step143000,143000,299892736000,en,average_en_precomputed,13,32598.367777777778,"Supramarginal Gyrus, posterior division",155,145,0.432665027622197,0.4913069832387297,-0.0586419556165327,5.422334028331114e-15,0.4610086395035211,EleutherAI_pythia-2.8b-deduped,2800000000.0,2.8,9.44715803134222,0.4619860054304633,143000,13
EleutherAI/pythia-2.8b-deduped,Pythia-2.8B-deduped,step143000,143000,299892736000,en,average_en_precomputed,13,32598.367777777778,Angular Gyrus,140,189,0.4435194073657851,0.4475819203818662,-0.0040625130160811,0.4819888987256616,0.4458531914388529,EleutherAI_pythia-2.8b-deduped,2800000000.0,2.8,9.44715803134222,0.4455506638738257,143000,13
EleutherAI/pythia-2.8b-deduped,Pythia-2.8B-deduped,step143000,143000,299892736000,en,average_en_precomputed,13,32598.367777777778,"Lateral Occipital Cortex, superior division",212,191,0.4739518419010528,0.4531860606428092,0.0207657812582435,0.0021534617672065,0.4641099952004957,EleutherAI_pythia-2.8b-deduped,2800000000.0,2.8,9.44715803134222,0.463568951271931,143000,13
EleutherAI/pythia-2.8b-deduped,Pythia-2.8B-deduped,step143000,143000,299892736000,en,average_en_precomputed,13,32598.367777777778,"Lateral Occipital Cortex, inferior division",17,11,0.3818456750776463,0.36887449283106,0.0129711822465862,0.3450522169353474,0.376749853480773,EleutherAI_pythia-2.8b-deduped,2800000000.0,2.8,9.44715803134222,0.37536008395435316,143000,13
EleutherAI/pythia-2.8b-deduped,Pythia-2.8B-deduped,step143000,143000,299892736000,en,average_en_precomputed,13,32598.367777777778,Intracalcarine Cortex,0,0,,,,,,EleutherAI_pythia-2.8b-deduped,2800000000.0,2.8,9.44715803134222,,143000,13
EleutherAI/pythia-2.8b-deduped,Pythia-2.8B-deduped,step143000,143000,299892736000,en,average_en_precomputed,13,32598.367777777778,Frontal Medial Cortex,13,23,0.3589433805455775,0.4073898254949064,-0.0484464449493288,1.6052453198075698e-05,0.3898952759298709,EleutherAI_pythia-2.8b-deduped,2800000000.0,2.8,9.44715803134222,0.38316660302024197,143000,13
EleutherAI/pythia-2.8b-deduped,Pythia-2.8B-deduped,step143000,143000,299892736000,en,average_en_precomputed,13,32598.367777777778,Juxtapositional Lobule Cortex ),7,5,0.4337932929746844,0.4623308048522129,-0.0285375118775284,0.0396511234240114,0.4456839229236546,EleutherAI_pythia-2.8b-deduped,2800000000.0,2.8,9.44715803134222,0.44806204891344864,143000,13
EleutherAI/pythia-2.8b-deduped,Pythia-2.8B-deduped,step143000,143000,299892736000,en,average_en_precomputed,13,32598.367777777778,Subcallosal Cortex,0,0,,,,,,EleutherAI_pythia-2.8b-deduped,2800000000.0,2.8,9.44715803134222,,143000,13
EleutherAI/pythia-2.8b-deduped,Pythia-2.8B-deduped,step143000,143000,299892736000,en,average_en_precomputed,13,32598.367777777778,Paracingulate Gyrus,61,90,0.3579201839546801,0.3799602941639267,-0.0220401102092465,0.0012671364377942,0.3710566734833702,EleutherAI_pythia-2.8b-deduped,2800000000.0,2.8,9.44715803134222,0.3689402390593034,143000,13
EleutherAI/pythia-2.8b-deduped,Pythia-2.8B-deduped,step143000,143000,299892736000,en,average_en_precomputed,13,32598.367777777778,"Cingulate Gyrus, anterior division",41,44,0.3590015262502366,0.4016461756152645,-0.0426446493650279,3.378458248449444e-05,0.3810764035686039,EleutherAI_pythia-2.8b-deduped,2800000000.0,2.8,9.44715803134222,0.38032385093275056,143000,13
EleutherAI/pythia-2.8b-deduped,Pythia-2.8B-deduped,step143000,143000,299892736000,en,average_en_precomputed,13,32598.367777777778,"Cingulate Gyrus, posterior division",174,132,0.4495270538413135,0.4657797941118584,-0.0162527402705449,0.0010294954796734,0.456538039840372,EleutherAI_pythia-2.8b-deduped,2800000000.0,2.8,9.44715803134222,0.4576534239765859,143000,13
EleutherAI/pythia-2.8b-deduped,Pythia-2.8B-deduped,step143000,143000,299892736000,en,average_en_precomputed,13,32598.367777777778,Precuneous Cortex,327,253,0.436228903927128,0.4424345406927849,-0.0062056367656568,0.242425901719145,0.4389358454818025,EleutherAI_pythia-2.8b-deduped,2800000000.0,2.8,9.44715803134222,0.43933172230995643,143000,13
EleutherAI/pythia-2.8b-deduped,Pythia-2.8B-deduped,step143000,143000,299892736000,en,average_en_precomputed,13,32598.367777777778,Cuneal Cortex,3,3,0.3081298823651521,0.3156792778349227,-0.0075493954697706,0.1178439264145257,0.3119045801000373,EleutherAI_pythia-2.8b-deduped,2800000000.0,2.8,9.44715803134222,0.3119045801000374,143000,13
EleutherAI/pythia-2.8b-deduped,Pythia-2.8B-deduped,step143000,143000,299892736000,en,average_en_precomputed,13,32598.367777777778,Frontal Orbital Cortex,91,40,0.4322071198269184,0.4382469170047915,-0.0060397971778731,0.5448956325838772,0.4340513327056582,EleutherAI_pythia-2.8b-deduped,2800000000.0,2.8,9.44715803134222,0.435227018415855,143000,13
EleutherAI/pythia-2.8b-deduped,Pythia-2.8B-deduped,step143000,143000,299892736000,en,average_en_precomputed,13,32598.367777777778,"Parahippocampal Gyrus, anterior division",0,0,,,,,,EleutherAI_pythia-2.8b-deduped,2800000000.0,2.8,9.44715803134222,,143000,13
EleutherAI/pythia-2.8b-deduped,Pythia-2.8B-deduped,step143000,143000,299892736000,en,average_en_precomputed,13,32598.367777777778,"Parahippocampal Gyrus, posterior division",15,4,0.4796461997829815,0.4656338096949169,0.0140123900880645,0.5828893155203517,0.4766962229223363,EleutherAI_pythia-2.8b-deduped,2800000000.0,2.8,9.44715803134222,0.4726400047389492,143000,13
EleutherAI/pythia-2.8b-deduped,Pythia-2.8B-deduped,step143000,143000,299892736000,en,average_en_precomputed,13,32598.367777777778,Lingual Gyrus,0,0,,,,,,EleutherAI_pythia-2.8b-deduped,2800000000.0,2.8,9.44715803134222,,143000,13
EleutherAI/pythia-2.8b-deduped,Pythia-2.8B-deduped,step143000,143000,299892736000,en,average_en_precomputed,13,32598.367777777778,"Temporal Fusiform Cortex, anterior division",0,0,,,,,,EleutherAI_pythia-2.8b-deduped,2800000000.0,2.8,9.44715803134222,,143000,13
EleutherAI/pythia-2.8b-deduped,Pythia-2.8B-deduped,step143000,143000,299892736000,en,average_en_precomputed,13,32598.367777777778,"Temporal Fusiform Cortex, posterior division",2,0,0.5304878343525876,,,,,EleutherAI_pythia-2.8b-deduped,2800000000.0,2.8,9.44715803134222,0.5304878343525876,143000,13
EleutherAI/pythia-2.8b-deduped,Pythia-2.8B-deduped,step143000,143000,299892736000,en,average_en_precomputed,13,32598.367777777778,Temporal Occipital Fusiform Cortex,0,6,,0.3745228141147685,,,,EleutherAI_pythia-2.8b-deduped,2800000000.0,2.8,9.44715803134222,0.3745228141147685,143000,13
EleutherAI/pythia-2.8b-deduped,Pythia-2.8B-deduped,step143000,143000,299892736000,en,average_en_precomputed,13,32598.367777777778,Occipital Fusiform Gyrus,6,13,0.3508553050758058,0.3280799564959795,0.0227753485798263,0.4682311631347892,0.3352721718369772,EleutherAI_pythia-2.8b-deduped,2800000000.0,2.8,9.44715803134222,0.33946763078589265,143000,13
EleutherAI/pythia-2.8b-deduped,Pythia-2.8B-deduped,step143000,143000,299892736000,en,average_en_precomputed,13,32598.367777777778,Frontal Opercular Cortex,17,29,0.4056355940117526,0.4313835850967537,-0.025747991085001,0.1088779139872064,0.4218680231740359,EleutherAI_pythia-2.8b-deduped,2800000000.0,2.8,9.44715803134222,0.4185095895542531,143000,13
EleutherAI/pythia-2.8b-deduped,Pythia-2.8B-deduped,step143000,143000,299892736000,en,average_en_precomputed,13,32598.367777777778,Central Opercular Cortex,38,13,0.3429076125622755,0.3287151385952433,0.0141924739670322,0.4119361398425656,0.3392899231196987,EleutherAI_pythia-2.8b-deduped,2800000000.0,2.8,9.44715803134222,0.3358113755787594,143000,13
EleutherAI/pythia-2.8b-deduped,Pythia-2.8B-deduped,step143000,143000,299892736000,en,average_en_precomputed,13,32598.367777777778,Parietal Opercular Cortex,48,13,0.3772354061882443,0.3358512166350342,0.0413841895532101,0.0216197883376516,0.3684158248080519,EleutherAI_pythia-2.8b-deduped,2800000000.0,2.8,9.44715803134222,0.35654331141163925,143000,13
EleutherAI/pythia-2.8b-deduped,Pythia-2.8B-deduped,step143000,143000,299892736000,en,average_en_precomputed,13,32598.367777777778,Planum Polare,31,31,0.3608672555043971,0.360244082139338,0.000623173365059,0.9538331925676036,0.3605556688218676,EleutherAI_pythia-2.8b-deduped,2800000000.0,2.8,9.44715803134222,0.3605556688218675,143000,13
EleutherAI/pythia-2.8b-deduped,Pythia-2.8B-deduped,step143000,143000,299892736000,en,average_en_precomputed,13,32598.367777777778,Heschl's Gyrus (includes H1 and H2),47,42,0.3770201449488646,0.3480580412175108,0.0289621037313538,0.0022567328808019,0.3633526353228324,EleutherAI_pythia-2.8b-deduped,2800000000.0,2.8,9.44715803134222,0.3625390930831877,143000,13
EleutherAI/pythia-2.8b-deduped,Pythia-2.8B-deduped,step143000,143000,299892736000,en,average_en_precomputed,13,32598.367777777778,Planum Temporale,74,65,0.3775838513760419,0.3550061117705757,0.0225777396054661,0.002180287923744,0.3670259155893131,EleutherAI_pythia-2.8b-deduped,2800000000.0,2.8,9.44715803134222,0.3662949815733088,143000,13
EleutherAI/pythia-2.8b-deduped,Pythia-2.8B-deduped,step143000,143000,299892736000,en,average_en_precomputed,13,32598.367777777778,Supracalcarine Cortex,0,0,,,,,,EleutherAI_pythia-2.8b-deduped,2800000000.0,2.8,9.44715803134222,,143000,13
EleutherAI/pythia-2.8b-deduped,Pythia-2.8B-deduped,step143000,143000,299892736000,en,average_en_precomputed,13,32598.367777777778,Occipital Pole,0,0,,,,,,EleutherAI_pythia-2.8b-deduped,2800000000.0,2.8,9.44715803134222,,143000,13
EleutherAI/pythia-6.9b-deduped,Pythia-6.9B-deduped,step143000,143000,299892736000,en,average_en_precomputed,13,46415.89,Frontal Pole,362,372,0.4308685046349472,0.3988308291018305,0.0320376755331167,1.1280420705042202e-14,0.4146314265718417,EleutherAI_pythia-6.9b-deduped,6900000000.0,6.9,9.838849090737256,0.41484966686838887,143000,13
EleutherAI/pythia-6.9b-deduped,Pythia-6.9B-deduped,step143000,143000,299892736000,en,average_en_precomputed,13,46415.89,Insular Cortex,43,50,0.3714716429598049,0.3791604338029129,-0.007688790843108,0.3062607380807463,0.3756054014776048,EleutherAI_pythia-6.9b-deduped,6900000000.0,6.9,9.838849090737256,0.3753160383813589,143000,13
EleutherAI/pythia-6.9b-deduped,Pythia-6.9B-deduped,step143000,143000,299892736000,en,average_en_precomputed,13,46415.89,Superior Frontal Gyrus,291,216,0.4677304669030815,0.4356040613539131,0.0321264055491684,5.486000222839347e-10,0.4540434775566903,EleutherAI_pythia-6.9b-deduped,6900000000.0,6.9,9.838849090737256,0.45166726412849734,143000,13
EleutherAI/pythia-6.9b-deduped,Pythia-6.9B-deduped,step143000,143000,299892736000,en,average_en_precomputed,13,46415.89,Middle Frontal Gyrus,290,263,0.4496819495152002,0.4159534432397498,0.0337285062754503,1.2476122582029384e-11,0.4336410866753385,EleutherAI_pythia-6.9b-deduped,6900000000.0,6.9,9.838849090737256,0.432817696377475,143000,13
EleutherAI/pythia-6.9b-deduped,Pythia-6.9B-deduped,step143000,143000,299892736000,en,average_en_precomputed,13,46415.89,"Inferior Frontal Gyrus, pars triangularis",110,79,0.4991550805261219,0.4771148241312031,0.0220402563949187,0.0049542760864753,0.4899424865832721,EleutherAI_pythia-6.9b-deduped,6900000000.0,6.9,9.838849090737256,0.4881349523286625,143000,13
EleutherAI/pythia-6.9b-deduped,Pythia-6.9B-deduped,step143000,143000,299892736000,en,average_en_precomputed,13,46415.89,"Inferior Frontal Gyrus, pars opercularis",91,79,0.4704671495855283,0.4423868868142096,0.0280802627713186,1.15870695302809e-05,0.4574180862976802,EleutherAI_pythia-6.9b-deduped,6900000000.0,6.9,9.838849090737256,0.456427018199869,143000,13
EleutherAI/pythia-6.9b-deduped,Pythia-6.9B-deduped,step143000,143000,299892736000,en,average_en_precomputed,13,46415.89,Precentral Gyrus,36,41,0.4493505327095906,0.4624088832725057,-0.0130583505629151,0.3638559306361874,0.456303680411922,EleutherAI_pythia-6.9b-deduped,6900000000.0,6.9,9.838849090737256,0.45587970799104816,143000,13
EleutherAI/pythia-6.9b-deduped,Pythia-6.9B-deduped,step143000,143000,299892736000,en,average_en_precomputed,13,46415.89,Temporal Pole,103,94,0.4325652824465981,0.4568608829292787,-0.0242956004826806,0.0025067594195498,0.4441581070423949,EleutherAI_pythia-6.9b-deduped,6900000000.0,6.9,9.838849090737256,0.4447130826879384,143000,13
EleutherAI/pythia-6.9b-deduped,Pythia-6.9B-deduped,step143000,143000,299892736000,en,average_en_precomputed,13,46415.89,"Superior Temporal Gyrus, anterior division",45,38,0.4101655396570591,0.4078643448671243,0.0023011947899347,0.8106896361053418,0.409111980596607,EleutherAI_pythia-6.9b-deduped,6900000000.0,6.9,9.838849090737256,0.4090149422620917,143000,13
EleutherAI/pythia-6.9b-deduped,Pythia-6.9B-deduped,step143000,143000,299892736000,en,average_en_precomputed,13,46415.89,"Superior Temporal Gyrus, posterior division",105,105,0.4483083273722663,0.4598924308217002,-0.0115841034494338,0.1059815020156326,0.4541003790969832,EleutherAI_pythia-6.9b-deduped,6900000000.0,6.9,9.838849090737256,0.45410037909698325,143000,13
EleutherAI/pythia-6.9b-deduped,Pythia-6.9B-deduped,step143000,143000,299892736000,en,average_en_precomputed,13,46415.89,"Middle Temporal Gyrus, anterior division",45,32,0.4351235442528383,0.4322783085258335,0.0028452357270047,0.7520590139084623,0.4339411086260311,EleutherAI_pythia-6.9b-deduped,6900000000.0,6.9,9.838849090737256,0.4337009263893359,143000,13
EleutherAI/pythia-6.9b-deduped,Pythia-6.9B-deduped,step143000,143000,299892736000,en,average_en_precomputed,13,46415.89,"Middle Temporal Gyrus, posterior division",62,69,0.4629309059458878,0.475959019234129,-0.0130281132882411,0.1764135227310278,0.4697930419526714,EleutherAI_pythia-6.9b-deduped,6900000000.0,6.9,9.838849090737256,0.4694449625900084,143000,13
EleutherAI/pythia-6.9b-deduped,Pythia-6.9B-deduped,step143000,143000,299892736000,en,average_en_precomputed,13,46415.89,"Middle Temporal Gyrus, temporooccipital part",82,95,0.4928535648534676,0.4784369616031611,0.0144166032503064,0.0769105754080241,0.4851158399451109,EleutherAI_pythia-6.9b-deduped,6900000000.0,6.9,9.838849090737256,0.48564526322831436,143000,13
EleutherAI/pythia-6.9b-deduped,Pythia-6.9B-deduped,step143000,143000,299892736000,en,average_en_precomputed,13,46415.89,"Inferior Temporal Gyrus, anterior division",10,14,0.4456591264580448,0.4793300427571144,-0.0336709162990695,0.0474056230508313,0.4653004942991687,EleutherAI_pythia-6.9b-deduped,6900000000.0,6.9,9.838849090737256,0.4624945846075796,143000,13
EleutherAI/pythia-6.9b-deduped,Pythia-6.9B-deduped,step143000,143000,299892736000,en,average_en_precomputed,13,46415.89,"Inferior Temporal Gyrus, posterior division",3,0,0.4985045301863218,,,,,EleutherAI_pythia-6.9b-deduped,6900000000.0,6.9,9.838849090737256,0.4985045301863218,143000,13
EleutherAI/pythia-6.9b-deduped,Pythia-6.9B-deduped,step143000,143000,299892736000,en,average_en_precomputed,13,46415.89,"Inferior Temporal Gyrus, temporooccipital part",45,6,0.4886500632076198,0.4140045574302067,0.0746455057774131,0.0085375060353473,0.4798682389985123,EleutherAI_pythia-6.9b-deduped,6900000000.0,6.9,9.838849090737256,0.45132731031891327,143000,13
EleutherAI/pythia-6.9b-deduped,Pythia-6.9B-deduped,step143000,143000,299892736000,en,average_en_precomputed,13,46415.89,Postcentral Gyrus,9,0,0.3940602949759787,,,,,EleutherAI_pythia-6.9b-deduped,6900000000.0,6.9,9.838849090737256,0.3940602949759787,143000,13
EleutherAI/pythia-6.9b-deduped,Pythia-6.9B-deduped,step143000,143000,299892736000,en,average_en_precomputed,13,46415.89,Superior Parietal Lobule,33,10,0.4378436425538373,0.3778197932961575,0.0600238492576797,0.0010209962721233,0.4238846078427489,EleutherAI_pythia-6.9b-deduped,6900000000.0,6.9,9.838849090737256,0.4078317179249974,143000,13
EleutherAI/pythia-6.9b-deduped,Pythia-6.9B-deduped,step143000,143000,299892736000,en,average_en_precomputed,13,46415.89,"Supramarginal Gyrus, anterior division",44,9,0.426446025880475,0.3516169963850284,0.0748290294954465,7.636104521971103e-06,0.4137392095510593,EleutherAI_pythia-6.9b-deduped,6900000000.0,6.9,9.838849090737256,0.3890315111327517,143000,13
EleutherAI/pythia-6.9b-deduped,Pythia-6.9B-deduped,step143000,143000,299892736000,en,average_en_precomputed,13,46415.89,"Supramarginal Gyrus, posterior division",155,145,0.4482195718118745,0.492739949461144,-0.0445203776492694,6.099014289873441e-10,0.4697377543423547,EleutherAI_pythia-6.9b-deduped,6900000000.0,6.9,9.838849090737256,0.47047976063650926,143000,13
EleutherAI/pythia-6.9b-deduped,Pythia-6.9B-deduped,step143000,143000,299892736000,en,average_en_precomputed,13,46415.89,Angular Gyrus,140,189,0.4553263138207234,0.4443451401440486,0.0109811736766747,0.0593980739259603,0.4490179800064634,EleutherAI_pythia-6.9b-deduped,6900000000.0,6.9,9.838849090737256,0.449835726982386,143000,13
EleutherAI/pythia-6.9b-deduped,Pythia-6.9B-deduped,step143000,143000,299892736000,en,average_en_precomputed,13,46415.89,"Lateral Occipital Cortex, superior division",212,191,0.4797524315355058,0.4520036245959218,0.0277488069395839,1.9052039807858185e-05,0.4666010118693506,EleutherAI_pythia-6.9b-deduped,6900000000.0,6.9,9.838849090737256,0.46587802806571377,143000,13
EleutherAI/pythia-6.9b-deduped,Pythia-6.9B-deduped,step143000,143000,299892736000,en,average_en_precomputed,13,46415.89,"Lateral Occipital Cortex, inferior division",17,11,0.3980667047846604,0.3845468162309586,0.0135198885537018,0.3089343892169991,0.3927553199957061,EleutherAI_pythia-6.9b-deduped,6900000000.0,6.9,9.838849090737256,0.3913067605078095,143000,13
EleutherAI/pythia-6.9b-deduped,Pythia-6.9B-deduped,step143000,143000,299892736000,en,average_en_precomputed,13,46415.89,Intracalcarine Cortex,0,0,,,,,,EleutherAI_pythia-6.9b-deduped,6900000000.0,6.9,9.838849090737256,,143000,13
EleutherAI/pythia-6.9b-deduped,Pythia-6.9B-deduped,step143000,143000,299892736000,en,average_en_precomputed,13,46415.89,Frontal Medial Cortex,13,23,0.357107786325594,0.4021057912977643,-0.0449980049721702,3.2155769121002326e-05,0.3858565117244806,EleutherAI_pythia-6.9b-deduped,6900000000.0,6.9,9.838849090737256,0.37960678881167914,143000,13
EleutherAI/pythia-6.9b-deduped,Pythia-6.9B-deduped,step143000,143000,299892736000,en,average_en_precomputed,13,46415.89,Juxtapositional Lobule Cortex ),7,5,0.4342394971670661,0.4629534257509662,-0.0287139285839,0.042228404561324,0.4462036340770245,EleutherAI_pythia-6.9b-deduped,6900000000.0,6.9,9.838849090737256,0.44859646145901616,143000,13
EleutherAI/pythia-6.9b-deduped,Pythia-6.9B-deduped,step143000,143000,299892736000,en,average_en_precomputed,13,46415.89,Subcallosal Cortex,0,0,,,,,,EleutherAI_pythia-6.9b-deduped,6900000000.0,6.9,9.838849090737256,,143000,13
EleutherAI/pythia-6.9b-deduped,Pythia-6.9B-deduped,step143000,143000,299892736000,en,average_en_precomputed,13,46415.89,Paracingulate Gyrus,61,90,0.3751230870894536,0.3742777779287282,0.0008453091607253,0.910459817528562,0.3746192604373656,EleutherAI_pythia-6.9b-deduped,6900000000.0,6.9,9.838849090737256,0.3747004325090909,143000,13
EleutherAI/pythia-6.9b-deduped,Pythia-6.9B-deduped,step143000,143000,299892736000,en,average_en_precomputed,13,46415.89,"Cingulate Gyrus, anterior division",41,44,0.3593633802503499,0.3968841872096303,-0.0375208069592804,0.0001748206996354,0.3787859156175069,EleutherAI_pythia-6.9b-deduped,6900000000.0,6.9,9.838849090737256,0.3781237837299901,143000,13
EleutherAI/pythia-6.9b-deduped,Pythia-6.9B-deduped,step143000,143000,299892736000,en,average_en_precomputed,13,46415.89,"Cingulate Gyrus, posterior division",174,132,0.4448985012923337,0.4578160087614801,-0.0129175074691463,0.0071963875972133,0.4504707594162792,EleutherAI_pythia-6.9b-deduped,6900000000.0,6.9,9.838849090737256,0.45135725502690693,143000,13
EleutherAI/pythia-6.9b-deduped,Pythia-6.9B-deduped,step143000,143000,299892736000,en,average_en_precomputed,13,46415.89,Precuneous Cortex,327,253,0.4307299316519286,0.4340214718642008,-0.0032915402122722,0.5045779960656018,0.4321657241927991,EleutherAI_pythia-6.9b-deduped,6900000000.0,6.9,9.838849090737256,0.4323757017580647,143000,13
EleutherAI/pythia-6.9b-deduped,Pythia-6.9B-deduped,step143000,143000,299892736000,en,average_en_precomputed,13,46415.89,Cuneal Cortex,3,3,0.3052925768915691,0.3101838356481401,-0.004891258756571,0.2654008268974813,0.3077382062698546,EleutherAI_pythia-6.9b-deduped,6900000000.0,6.9,9.838849090737256,0.3077382062698546,143000,13
EleutherAI/pythia-6.9b-deduped,Pythia-6.9B-deduped,step143000,143000,299892736000,en,average_en_precomputed,13,46415.89,Frontal Orbital Cortex,91,40,0.444599491413564,0.4431339992881302,0.0014654921254338,0.8736752408446998,0.4441520129019812,EleutherAI_pythia-6.9b-deduped,6900000000.0,6.9,9.838849090737256,0.4438667453508471,143000,13
EleutherAI/pythia-6.9b-deduped,Pythia-6.9B-deduped,step143000,143000,299892736000,en,average_en_precomputed,13,46415.89,"Parahippocampal Gyrus, anterior division",0,0,,,,,,EleutherAI_pythia-6.9b-deduped,6900000000.0,6.9,9.838849090737256,,143000,13
EleutherAI/pythia-6.9b-deduped,Pythia-6.9B-deduped,step143000,143000,299892736000,en,average_en_precomputed,13,46415.89,"Parahippocampal Gyrus, posterior division",15,4,0.4765498636951401,0.4597615090168009,0.0167883546783391,0.5345391233493687,0.4730154732365424,EleutherAI_pythia-6.9b-deduped,6900000000.0,6.9,9.838849090737256,0.4681556863559705,143000,13
EleutherAI/pythia-6.9b-deduped,Pythia-6.9B-deduped,step143000,143000,299892736000,en,average_en_precomputed,13,46415.89,Lingual Gyrus,0,0,,,,,,EleutherAI_pythia-6.9b-deduped,6900000000.0,6.9,9.838849090737256,,143000,13
EleutherAI/pythia-6.9b-deduped,Pythia-6.9B-deduped,step143000,143000,299892736000,en,average_en_precomputed,13,46415.89,"Temporal Fusiform Cortex, anterior division",0,0,,,,,,EleutherAI_pythia-6.9b-deduped,6900000000.0,6.9,9.838849090737256,,143000,13
EleutherAI/pythia-6.9b-deduped,Pythia-6.9B-deduped,step143000,143000,299892736000,en,average_en_precomputed,13,46415.89,"Temporal Fusiform Cortex, posterior division",2,0,0.5274278624019857,,,,,EleutherAI_pythia-6.9b-deduped,6900000000.0,6.9,9.838849090737256,0.5274278624019857,143000,13
EleutherAI/pythia-6.9b-deduped,Pythia-6.9B-deduped,step143000,143000,299892736000,en,average_en_precomputed,13,46415.89,Temporal Occipital Fusiform Cortex,0,6,,0.3968867355040877,,,,EleutherAI_pythia-6.9b-deduped,6900000000.0,6.9,9.838849090737256,0.3968867355040877,143000,13
EleutherAI/pythia-6.9b-deduped,Pythia-6.9B-deduped,step143000,143000,299892736000,en,average_en_precomputed,13,46415.89,Occipital Fusiform Gyrus,6,13,0.3747826238447544,0.344284476129251,0.0304981477155034,0.3239307001757716,0.3539154701446732,EleutherAI_pythia-6.9b-deduped,6900000000.0,6.9,9.838849090737256,0.3595335499870027,143000,13
EleutherAI/pythia-6.9b-deduped,Pythia-6.9B-deduped,step143000,143000,299892736000,en,average_en_precomputed,13,46415.89,Frontal Opercular Cortex,17,29,0.4058394390542362,0.4283911020645621,-0.0225516630103259,0.1960356321653767,0.4200567918216156,EleutherAI_pythia-6.9b-deduped,6900000000.0,6.9,9.838849090737256,0.4171152705593991,143000,13
EleutherAI/pythia-6.9b-deduped,Pythia-6.9B-deduped,step143000,143000,299892736000,en,average_en_precomputed,13,46415.89,Central Opercular Cortex,38,13,0.3667728731140771,0.3426646246208963,0.0241082484931808,0.1908017315388689,0.3606276333020897,EleutherAI_pythia-6.9b-deduped,6900000000.0,6.9,9.838849090737256,0.35471874886748667,143000,13
EleutherAI/pythia-6.9b-deduped,Pythia-6.9B-deduped,step143000,143000,299892736000,en,average_en_precomputed,13,46415.89,Parietal Opercular Cortex,48,13,0.3993485051388197,0.3584721739574613,0.0408763311813584,0.0171051012156152,0.3906371558706614,EleutherAI_pythia-6.9b-deduped,6900000000.0,6.9,9.838849090737256,0.37891033954814046,143000,13
EleutherAI/pythia-6.9b-deduped,Pythia-6.9B-deduped,step143000,143000,299892736000,en,average_en_precomputed,13,46415.89,Planum Polare,31,31,0.3848634827011149,0.3751997361892865,0.0096637465118284,0.3581866468572992,0.3800316094452006,EleutherAI_pythia-6.9b-deduped,6900000000.0,6.9,9.838849090737256,0.3800316094452007,143000,13
EleutherAI/pythia-6.9b-deduped,Pythia-6.9B-deduped,step143000,143000,299892736000,en,average_en_precomputed,13,46415.89,Heschl's Gyrus (includes H1 and H2),47,42,0.4063247176286558,0.3794268277429063,0.0268978898857494,0.0059620841518167,0.3936313313904369,EleutherAI_pythia-6.9b-deduped,6900000000.0,6.9,9.838849090737256,0.39287577268578106,143000,13
EleutherAI/pythia-6.9b-deduped,Pythia-6.9B-deduped,step143000,143000,299892736000,en,average_en_precomputed,13,46415.89,Planum Temporale,74,65,0.399389685809761,0.3782027271294359,0.0211869586803251,0.0025772275530065,0.3894821152038536,EleutherAI_pythia-6.9b-deduped,6900000000.0,6.9,9.838849090737256,0.38879620646959845,143000,13
EleutherAI/pythia-6.9b-deduped,Pythia-6.9B-deduped,step143000,143000,299892736000,en,average_en_precomputed,13,46415.89,Supracalcarine Cortex,0,0,,,,,,EleutherAI_pythia-6.9b-deduped,6900000000.0,6.9,9.838849090737256,,143000,13
EleutherAI/pythia-6.9b-deduped,Pythia-6.9B-deduped,step143000,143000,299892736000,en,average_en_precomputed,13,46415.89,Occipital Pole,0,0,,,,,,EleutherAI_pythia-6.9b-deduped,6900000000.0,6.9,9.838849090737256,,143000,13
